Workbook

Sheet Pivot
A3: Bline | B3: salesrep_code | C3: salesrep_name | D3: cust_code | E3: cust_name | F3: cont_code | G3: cont_name | H3: title_name | I3: ques_name | J3: sub_ques_name | K3: criteria_name | L3: expec
A4: ALLIANCE 1 | B4: 20001294 | C4: Nguyen Ngoc Diem | D4: 121035712 | E4: TRUNG TAM Y TE KHU VUC PHU GIAO | F4: VN00039762 | G4: BUI THUAN | H4: HCP Data Profiling Questionnaire | I4: Profiling Questionnaire | J4: 1. Trong 6 tháng vừa qua, BS đã được tiếp cận hoặc nhận thông tin từ công ty qua những hình thức/ kênh nào? | K4: Gặp mặt trực tiếp/ Hội nghị đào tạo y khoa trực tiếp | L4: (blank)
J5: 2. Vui lòng đánh giá từng kênh theo thang điểm từ 0 đến 10, cho hình thức Email/ Mạng xã hội/ Tin nhắn | K5: 5 | L5: (blank)
J6: 2. Vui lòng đánh giá từng kênh theo thang điểm từ 0 đến 10, cho hình thức Gặp mặt trực tiếp/ Hội thảo đào tạo y khoa trực tiếp | K6: 8 | L6: (blank)
J7: 2. Vui lòng đánh giá từng kênh theo thang điểm từ 0 đến 10, cho hình thức Video call/ Hội thảo trực tuyến | K7: 5 | L7: (blank)
I8: Digital / Personas Questionnaire | J8: 3. Ngoài các hình thức tiếp cận như gặp mặt trực tiếp/ tương tác trực tuyến hay thông qua các mạng xã hội…,còn nguồn thông tin nào khác mà BS thấy hữu ích cho việc cập nhật y khoa (ví dụ: hiệp hội, trang web hội chuyên ngành,...)? | K8: (blank) | L8: zalo
J9: 4. BS thường ưu tiên tương tác với công ty theo hình thức nào? | K9: Ưu tiên tương tác đa kênh | L9: (blank)
J10: 5. Trong các yếu tố sau, yếu tố nào ảnh hưởng nhiều nhất đến quyết định điều trị của bác sĩ? | K10: Trải nghiệm và lợi ích tổng thể cho bệnh nhân (GREEN) | L10: (blank)
D11: 121041955 | E11: CONG TY CO PHAN BENH VIEN MY PHUOC | F11: VN00057430 | G11: PHAM MINH HOANG | H11: HCP Data Profiling Questionnaire | I11: Profiling Questionnaire | J11: 1. Trong 6 tháng vừa qua, BS đã được tiếp cận hoặc nhận thông tin từ công ty qua những hình thức/ kênh nào? | K11: Email/ Mạng xã hội/ Tin nhắn | L11: (blank)
K12: Gặp mặt trực tiếp/ Hội nghị đào tạo y khoa trực tiếp | L12: (blank)
K13: Hội thảo trực tuyến/ Gọi Video | L13: (blank)
J14: 2. Vui lòng đánh giá từng kênh theo thang điểm từ 0 đến 10, cho hình thức Email/ Mạng xã hội/ Tin nhắn | K14: 5 | L14: (blank)
J15: 2. Vui lòng đánh giá từng kênh theo thang điểm từ 0 đến 10, cho hình thức Gặp mặt trực tiếp/ Hội thảo đào tạo y khoa trực tiếp | K15: 6 | L15: (blank)
K16: 8 | L16: (blank)
J17: 2. Vui lòng đánh giá từng kênh theo thang điểm từ 0 đến 10, cho hình thức Video call/ Hội thảo trực tuyến | K17: 5 | L17: (blank)
I18: Digital / Personas Questionnaire | J18: 3. Ngoài các hình thức tiếp cận như gặp mặt trực tiếp/ tương tác trực tuyến hay thông qua các mạng xã hội…,còn nguồn thông tin nào khác mà BS thấy hữu ích cho việc cập nhật y khoa (ví dụ: hiệp hội, trang web hội chuyên ngành,...)? | K18: (blank) | L18: web
J19: 4. BS thường ưu tiên tương tác với công ty theo hình thức nào? | K19: Ưu tiên tương tác đa kênh | L19: (blank)
K20: Ưu tiên tương tác trực tiếp | L20: (blank)
J21: 5. Trong các yếu tố sau, yếu tố nào ảnh hưởng nhiều nhất đến quyết định điều trị của bác sĩ? | K21: Kết quả điều trị thực tế (RED) | L21: (blank)
D22: 121050614 | E22: CONG TY TNHH BENH VIENDA KHOA HOAN HAO | F22: VN00046922 | G22: NGUYEN THI THU THAO | H22: HCP Data Profiling Questionnaire | I22: Profiling Questionnaire | J22: 1. Trong 6 tháng vừa qua, BS đã được tiếp cận hoặc nhận thông tin từ công ty qua những hình thức/ kênh nào? | K22: Email/ Mạng xã hội/ Tin nhắn | L22: (blank)
K23: Gặp mặt trực tiếp/ Hội nghị đào tạo y khoa trực tiếp | L23: (blank)
K24: Hội thảo trực tuyến/ Gọi Video | L24: (blank)
J25: 2. Vui lòng đánh giá từng kênh theo thang điểm từ 0 đến 10, cho hình thức Email/ Mạng xã hội/ Tin nhắn | K25: 6 | L25: (blank)
J26: 2. Vui lòng đánh giá từng kênh theo thang điểm từ 0 đến 10, cho hình thức Gặp mặt trực tiếp/ Hội thảo đào tạo y khoa trực tiếp | K26: 8 | L26: (blank)
J27: 2. Vui lòng đánh giá từng kênh theo thang điểm từ 0 đến 10, cho hình thức Video call/ Hội thảo trực tuyến | K27: 6 | L27: (blank)
I28: Digital / Personas Questionnaire | J28: 3. Ngoài các hình thức tiếp cận như gặp mặt trực tiếp/ tương tác trực tuyến hay thông qua các mạng xã hội…,còn nguồn thông tin nào khác mà BS thấy hữu ích cho việc cập nhật y khoa (ví dụ: hiệp hội, trang web hội chuyên ngành,...)? | K28: (blank) | L28: internet
J29: 4. BS thường ưu tiên tương tác với công ty theo hình thức nào? | K29: Kết hợp trực tiếp và kỹ thuật số | L29: (blank)
J30: 5. Trong các yếu tố sau, yếu tố nào ảnh hưởng nhiều nhất đến quyết định điều trị của bác sĩ? | K30: Trải nghiệm và lợi ích tổng thể cho bệnh nhân (GREEN) | L30: (blank)
F31: VN00063625 | G31: NGUYEN XUAN TUYEN | H31: HCP Data Profiling Questionnaire | I31: Profiling Questionnaire | J31: 1. Trong 6 tháng vừa qua, BS đã được tiếp cận hoặc nhận thông tin từ công ty qua những hình thức/ kênh nào? | K31: Email/ Mạng xã hội/ Tin nhắn | L31: (blank)
K32: Gặp mặt trực tiếp/ Hội nghị đào tạo y khoa trực tiếp | L32: (blank)
K33: Hội thảo trực tuyến/ Gọi Video | L33: (blank)
J34: 2. Vui lòng đánh giá từng kênh theo thang điểm từ 0 đến 10, cho hình thức Email/ Mạng xã hội/ Tin nhắn | K34: 5 | L34: (blank)
J35: 2. Vui lòng đánh giá từng kênh theo thang điểm từ 0 đến 10, cho hình thức Gặp mặt trực tiếp/ Hội thảo đào tạo y khoa trực tiếp | K35: 6 | L35: (blank)
J36: 2. Vui lòng đánh giá từng kênh theo thang điểm từ 0 đến 10, cho hình thức Video call/ Hội thảo trực tuyến | K36: 5 | L36: (blank)
I37: Digital / Personas Questionnaire | J37: 3. Ngoài các hình thức tiếp cận như gặp mặt trực tiếp/ tương tác trực tuyến hay thông qua các mạng xã hội…,còn nguồn thông tin nào khác mà BS thấy hữu ích cho việc cập nhật y khoa (ví dụ: hiệp hội, trang web hội chuyên ngành,...)? | K37: (blank) | L37: cac trang mạng
J38: 4. BS thường ưu tiên tương tác với công ty theo hình thức nào? | K38: Ưu tiên tương tác đa kênh | L38: (blank)
J39: 5. Trong các yếu tố sau, yếu tố nào ảnh hưởng nhiều nhất đến quyết định điều trị của bác sĩ? | K39: Kết quả điều trị thực tế (RED) | L39: (blank)
F40: VN00063626 | G40: NGUYEN THI THUY TRANG | H40: HCP Data Profiling Questionnaire | I40: Profiling Questionnaire | J40: 1. Trong 6 tháng vừa qua, BS đã được tiếp cận hoặc nhận thông tin từ công ty qua những hình thức/ kênh nào? | K40: Email/ Mạng xã hội/ Tin nhắn | L40: (blank)
K41: Gặp mặt trực tiếp/ Hội nghị đào tạo y khoa trực tiếp | L41: (blank)
K42: Hội thảo trực tuyến/ Gọi Video | L42: (blank)
J43: 2. Vui lòng đánh giá từng kênh theo thang điểm từ 0 đến 10, cho hình thức Email/ Mạng xã hội/ Tin nhắn | K43: 4 | L43: (blank)
J44: 2. Vui lòng đánh giá từng kênh theo thang điểm từ 0 đến 10, cho hình thức Gặp mặt trực tiếp/ Hội thảo đào tạo y khoa trực tiếp | K44: 5 | L44: (blank)
J45: 2. Vui lòng đánh giá từng kênh theo thang điểm từ 0 đến 10, cho hình thức Video call/ Hội thảo trực tuyến | K45: 3 | L45: (blank)
I46: Digital / Personas Questionnaire | J46: 3. Ngoài các hình thức tiếp cận như gặp mặt trực tiếp/ tương tác trực tuyến hay thông qua các mạng xã hội…,còn nguồn thông tin nào khác mà BS thấy hữu ích cho việc cập nhật y khoa (ví dụ: hiệp hội, trang web hội chuyên ngành,...)? | K46: (blank) | L46: web
J47: 4. BS thường ưu tiên tương tác với công ty theo hình thức nào? | K47: Ưu tiên tương tác đa kênh | L47: (blank)
J48: 5. Trong các yếu tố sau, yếu tố nào ảnh hưởng nhiều nhất đến quyết định điều trị của bác sĩ? | K48: Dựa trên dữ liệu, bằng chứng khoa học (BLUE) | L48: (blank)
D49: 121080248 | E49: CONG TY TNHH COLUMBIA ASIABINH DUONG | F49: VN00023348 | G49: Ha Thi Thuy An | H49: HCP Data Profiling Questionnaire | I49: Profiling Questionnaire | J49: 1. Trong 6 tháng vừa qua, BS đã được tiếp cận hoặc nhận thông tin từ công ty qua những hình thức/ kênh nào? | K49: Email/ Mạng xã hội/ Tin nhắn | L49: (blank)
K50: Gặp mặt trực tiếp/ Hội nghị đào tạo y khoa trực tiếp | L50: (blank)
K51: Hội thảo trực tuyến/ Gọi Video | L51: (blank)
J52: 2. Vui lòng đánh giá từng kênh theo thang điểm từ 0 đến 10, cho hình thức Email/ Mạng xã hội/ Tin nhắn | K52: 5 | L52: (blank)
J53: 2. Vui lòng đánh giá từng kênh theo thang điểm từ 0 đến 10, cho hình thức Gặp mặt trực tiếp/ Hội thảo đào tạo y khoa trực tiếp | K53: 8 | L53: (blank)
J54: 2. Vui lòng đánh giá từng kênh theo thang điểm từ 0 đến 10, cho hình thức Video call/ Hội thảo trực tuyến | K54: 5 | L54: (blank)
I55: Digital / Personas Questionnaire | J55: 3. Ngoài các hình thức tiếp cận như gặp mặt trực tiếp/ tương tác trực tuyến hay thông qua các mạng xã hội…,còn nguồn thông tin nào khác mà BS thấy hữu ích cho việc cập nhật y khoa (ví dụ: hiệp hội, trang web hội chuyên ngành,...)? | K55: (blank) | L55: web
J56: 4. BS thường ưu tiên tương tác với công ty theo hình thức nào? | K56: Ưu tiên tương tác trực tiếp | L56: (blank)
J57: 5. Trong các yếu tố sau, yếu tố nào ảnh hưởng nhiều nhất đến quyết định điều trị của bác sĩ? | K57: Kết quả điều trị thực tế (RED) | L57: (blank)
D58: 121087942 | E58: CONG TY CO PHAN THUONG MAI DICHVU Y TE NHAN NGHIA | F58: VN00063623 | G58: TRAN THANH AN | H58: HCP Data Profiling Questionnaire | I58: Profiling Questionnaire | J58: 1. Trong 6 tháng vừa qua, BS đã được tiếp cận hoặc nhận thông tin từ công ty qua những hình thức/ kênh nào? | K58: Gặp mặt trực tiếp/ Hội nghị đào tạo y khoa trực tiếp | L58: (blank)
J59: 2. Vui lòng đánh giá từng kênh theo thang điểm từ 0 đến 10, cho hình thức Email/ Mạng xã hội/ Tin nhắn | K59: 5 | L59: (blank)
J60: 2. Vui lòng đánh giá từng kênh theo thang điểm từ 0 đến 10, cho hình thức Gặp mặt trực tiếp/ Hội thảo đào tạo y khoa trực tiếp | K60: 7 | L60: (blank)
J61: 2. Vui lòng đánh giá từng kênh theo thang điểm từ 0 đến 10, cho hình thức Video call/ Hội thảo trực tuyến | K61: 5 | L61: (blank)
I62: Digital / Personas Questionnaire | J62: 3. Ngoài các hình thức tiếp cận như gặp mặt trực tiếp/ tương tác trực tuyến hay thông qua các mạng xã hội…,còn nguồn thông tin nào khác mà BS thấy hữu ích cho việc cập nhật y khoa (ví dụ: hiệp hội, trang web hội chuyên ngành,...)? | K62: (blank) | L62: hoi nghi
J63: 4. BS thường ưu tiên tương tác với công ty theo hình thức nào? | K63: Ưu tiên tương tác trực tiếp | L63: (blank)
J64: 5. Trong các yếu tố sau, yếu tố nào ảnh hưởng nhiều nhất đến quyết định điều trị của bác sĩ? | K64: Dựa trên dữ liệu, bằng chứng khoa học (BLUE) | L64: (blank)
D65: 121103496 | E65: CONG TY TNHH BENH VIEN DA KHOAMEDIC BINH DUONG | F65: VN00039747 | G65: VO THI MINH TU | H65: HCP Data Profiling Questionnaire | I65: Profiling Questionnaire | J65: 1. Trong 6 tháng vừa qua, BS đã được tiếp cận hoặc nhận thông tin từ công ty qua những hình thức/ kênh nào? | K65: Gặp mặt trực tiếp/ Hội nghị đào tạo y khoa trực tiếp | L65: (blank)
K66: Hội thảo trực tuyến/ Gọi Video | L66: (blank)
J67: 2. Vui lòng đánh giá từng kênh theo thang điểm từ 0 đến 10, cho hình thức Email/ Mạng xã hội/ Tin nhắn | K67: 5 | L67: (blank)
J68: 2. Vui lòng đánh giá từng kênh theo thang điểm từ 0 đến 10, cho hình thức Gặp mặt trực tiếp/ Hội thảo đào tạo y khoa trực tiếp | K68: 7 | L68: (blank)
J69: 2. Vui lòng đánh giá từng kênh theo thang điểm từ 0 đến 10, cho hình thức Video call/ Hội thảo trực tuyến | K69: 5 | L69: (blank)
I70: Digital / Personas Questionnaire | J70: 3. Ngoài các hình thức tiếp cận như gặp mặt trực tiếp/ tương tác trực tuyến hay thông qua các mạng xã hội…,còn nguồn thông tin nào khác mà BS thấy hữu ích cho việc cập nhật y khoa (ví dụ: hiệp hội, trang web hội chuyên ngành,...)? | K70: (blank) | L70: hoi thao
J71: 4. BS thường ưu tiên tương tác với công ty theo hình thức nào? | K71: Ưu tiên tương tác trực tiếp | L71: (blank)
J72: 5. Trong các yếu tố sau, yếu tố nào ảnh hưởng nhiều nhất đến quyết định điều trị của bác sĩ? | K72: Kết quả điều trị thực tế (RED) | L72: (blank)
F73: VN00063627 | G73: DO THI THU HA | H73: HCP Data Profiling Questionnaire | I73: Profiling Questionnaire | J73: 1. Trong 6 tháng vừa qua, BS đã được tiếp cận hoặc nhận thông tin từ công ty qua những hình thức/ kênh nào? | K73: Email/ Mạng xã hội/ Tin nhắn | L73: (blank)
K74: Gặp mặt trực tiếp/ Hội nghị đào tạo y khoa trực tiếp | L74: (blank)
K75: Hội thảo trực tuyến/ Gọi Video | L75: (blank)
J76: 2. Vui lòng đánh giá từng kênh theo thang điểm từ 0 đến 10, cho hình thức Email/ Mạng xã hội/ Tin nhắn | K76: 5 | L76: (blank)
J77: 2. Vui lòng đánh giá từng kênh theo thang điểm từ 0 đến 10, cho hình thức Gặp mặt trực tiếp/ Hội thảo đào tạo y khoa trực tiếp | K77: 5 | L77: (blank)
J78: 2. Vui lòng đánh giá từng kênh theo thang điểm từ 0 đến 10, cho hình thức Video call/ Hội thảo trực tuyến | K78: 5 | L78: (blank)
I79: Digital / Personas Questionnaire | J79: 3. Ngoài các hình thức tiếp cận như gặp mặt trực tiếp/ tương tác trực tuyến hay thông qua các mạng xã hội…,còn nguồn thông tin nào khác mà BS thấy hữu ích cho việc cập nhật y khoa (ví dụ: hiệp hội, trang web hội chuyên ngành,...)? | K79: (blank) | L79: web
J80: 4. BS thường ưu tiên tương tác với công ty theo hình thức nào? | K80: Kết hợp trực tiếp và kỹ thuật số | L80: (blank)
J81: 5. Trong các yếu tố sau, yếu tố nào ảnh hưởng nhiều nhất đến quyết định điều trị của bác sĩ? | K81: Ảnh hưởng bởi cộng đồng chuyên môn (YELLOW) | L81: (blank)
B82: 20001848 | C82: Ngo Thi Phuong Thao | D82: 121012606 | E82: BENH VIEN CHO RAY | F82: VN00003167 | G82: Duong Huynh Thien | H82: HCP Data Profiling Questionnaire | I82: Profiling Questionnaire | J82: 1. Trong 6 tháng vừa qua, BS đã được tiếp cận hoặc nhận thông tin từ công ty qua những hình thức/ kênh nào? | K82: Gặp mặt trực tiếp/ Hội nghị đào tạo y khoa trực tiếp | L82: (blank)
J83: 2. Vui lòng đánh giá từng kênh theo thang điểm từ 0 đến 10, cho hình thức Email/ Mạng xã hội/ Tin nhắn | K83: 6 | L83: (blank)
J84: 2. Vui lòng đánh giá từng kênh theo thang điểm từ 0 đến 10, cho hình thức Gặp mặt trực tiếp/ Hội thảo đào tạo y khoa trực tiếp | K84: 6 | L84: (blank)
J85: 2. Vui lòng đánh giá từng kênh theo thang điểm từ 0 đến 10, cho hình thức Video call/ Hội thảo trực tuyến | K85: 3 | L85: (blank)
I86: Digital / Personas Questionnaire | J86: 3. Ngoài các hình thức tiếp cận như gặp mặt trực tiếp/ tương tác trực tuyến hay thông qua các mạng xã hội…,còn nguồn thông tin nào khác mà BS thấy hữu ích cho việc cập nhật y khoa (ví dụ: hiệp hội, trang web hội chuyên ngành,...)? | K86: (blank) | L86: hội thảo
J87: 4. BS thường ưu tiên tương tác với công ty theo hình thức nào? | K87: Ưu tiên tương tác trực tiếp | L87: (blank)
J88: 5. Trong các yếu tố sau, yếu tố nào ảnh hưởng nhiều nhất đến quyết định điều trị của bác sĩ? | K88: Kết quả điều trị thực tế (RED) | L88: (blank)
F89: VN00003172 | G89: HO TAN PHAT | H89: HCP Data Profiling Questionnaire | I89: Profiling Questionnaire | J89: 1. Trong 6 tháng vừa qua, BS đã được tiếp cận hoặc nhận thông tin từ công ty qua những hình thức/ kênh nào? | K89: Gặp mặt trực tiếp/ Hội nghị đào tạo y khoa trực tiếp | L89: (blank)
J90: 2. Vui lòng đánh giá từng kênh theo thang điểm từ 0 đến 10, cho hình thức Email/ Mạng xã hội/ Tin nhắn | K90: 8 | L90: (blank)
J91: 2. Vui lòng đánh giá từng kênh theo thang điểm từ 0 đến 10, cho hình thức Gặp mặt trực tiếp/ Hội thảo đào tạo y khoa trực tiếp | K91: 8 | L91: (blank)
J92: 2. Vui lòng đánh giá từng kênh theo thang điểm từ 0 đến 10, cho hình thức Video call/ Hội thảo trực tuyến | K92: 8 | L92: (blank)
I93: Digital / Personas Questionnaire | J93: 3. Ngoài các hình thức tiếp cận như gặp mặt trực tiếp/ tương tác trực tuyến hay thông qua các mạng xã hội…,còn nguồn thông tin nào khác mà BS thấy hữu ích cho việc cập nhật y khoa (ví dụ: hiệp hội, trang web hội chuyên ngành,...)? | K93: (blank) | L93: Hội thải, web chuyên ngành
J94: 4. BS thường ưu tiên tương tác với công ty theo hình thức nào? | K94: Ưu tiên tương tác trực tiếp | L94: (blank)
J95: 5. Trong các yếu tố sau, yếu tố nào ảnh hưởng nhiều nhất đến quyết định điều trị của bác sĩ? | K95: Kết quả điều trị thực tế (RED) | L95: (blank)
F96: VN00003224 | G96: LUONG THI TUYET MINH | H96: HCP Data Profiling Questionnaire | I96: Profiling Questionnaire | J96: 1. Trong 6 tháng vừa qua, BS đã được tiếp cận hoặc nhận thông tin từ công ty qua những hình thức/ kênh nào? | K96: Gặp mặt trực tiếp/ Hội nghị đào tạo y khoa trực tiếp | L96: (blank)
J97: 2. Vui lòng đánh giá từng kênh theo thang điểm từ 0 đến 10, cho hình thức Email/ Mạng xã hội/ Tin nhắn | K97: 7 | L97: (blank)
J98: 2. Vui lòng đánh giá từng kênh theo thang điểm từ 0 đến 10, cho hình thức Gặp mặt trực tiếp/ Hội thảo đào tạo y khoa trực tiếp | K98: 7 | L98: (blank)
J99: 2. Vui lòng đánh giá từng kênh theo thang điểm từ 0 đến 10, cho hình thức Video call/ Hội thảo trực tuyến | K99: 7 | L99: (blank)
I100: Digital / Personas Questionnaire | J100: 3. Ngoài các hình thức tiếp cận như gặp mặt trực tiếp/ tương tác trực tuyến hay thông qua các mạng xã hội…,còn nguồn thông tin nào khác mà BS thấy hữu ích cho việc cập nhật y khoa (ví dụ: hiệp hội, trang web hội chuyên ngành,...)? | K100: (blank) | L100: web
J101: 4. BS thường ưu tiên tương tác với công ty theo hình thức nào? | K101: Ưu tiên tương tác trực tiếp | L101: (blank)
J102: 5. Trong các yếu tố sau, yếu tố nào ảnh hưởng nhiều nhất đến quyết định điều trị của bác sĩ? | K102: Kết quả điều trị thực tế (RED) | L102: (blank)
...

Sheet Market_Survey
A1: Bline | B1: txn_no | C1: txn_status | D1: salesrep_code | E1: salesrep_name | F1: visit_id | G1: txn_date | H1: cust_code | I1: cust_name | J1: cont_code | K1: cont_name | L1: title_code | M1: title_name | N1: ques_code | O1: ques_name | P1: ques_desc | Q1: sub_ques_code | R1: sub_ques_name | S1: criteria_code | T1: criteria_name | U1: expec | V1: date_val | W1: opt_val | X1: gen_comment | Y1: cancel_reason | Z1: reason_code | AA1: reason_name | AB1: txn_timestamp
A2: ALLIANCE 1 | B2: VN20001294MSS000001 | C2: P | D2: 20001294 | E2: Nguyen Ngoc Diem | F2: 2026032300034777 | G2: 46104 | H2: 121041955 | I2: CONG TY CO PHAN BENH VIEN MY PHUOC | J2: VN00057430 | K2: PHAM MINH HOANG | L2: OB_MSS_02 | M2: HCP Data Profiling Questionnaire | N2: Part_1 | O2: Profiling Questionnaire | Q2: S1 | R2: 1. Trong 6 tháng vừa qua, BS đã được tiếp cận hoặc nhận thông tin từ công ty qua những hình thức/ kênh nào? | S2: S1_01 | T2: Gặp mặt trực tiếp/ Hội nghị đào tạo y khoa trực tiếp | V2: 2 | AB2: 46104.572
A3: ALLIANCE 1 | B3: VN20001294MSS000001 | C3: P | D3: 20001294 | E3: Nguyen Ngoc Diem | F3: 2026032300034777 | G3: 46104 | H3: 121041955 | I3: CONG TY CO PHAN BENH VIEN MY PHUOC | J3: VN00057430 | K3: PHAM MINH HOANG | L3: OB_MSS_02 | M3: HCP Data Profiling Questionnaire | N3: Part_1 | O3: Profiling Questionnaire | Q3: S2 | R3: 2. Vui lòng đánh giá từng kênh theo thang điểm từ 0 đến 10, cho hình thức Gặp mặt trực tiếp/ Hội thảo đào tạo y khoa trực tiếp | S3: S2_06 | T3: 6 | V3: 2 | AB3: 46104.572
A4: ALLIANCE 1 | B4: VN20001294MSS000001 | C4: P | D4: 20001294 | E4: Nguyen Ngoc Diem | F4: 2026032300034777 | G4: 46104 | H4: 121041955 | I4: CONG TY CO PHAN BENH VIEN MY PHUOC | J4: VN00057430 | K4: PHAM MINH HOANG | L4: OB_MSS_02 | M4: HCP Data Profiling Questionnaire | N4: Part_1 | O4: Profiling Questionnaire | Q4: S3 | R4: 2. Vui lòng đánh giá từng kênh theo thang điểm từ 0 đến 10, cho hình thức Email/ Mạng xã hội/ Tin nhắn | S4: S3_05 | T4: 5 | V4: 2 | AB4: 46104.572
A5: ALLIANCE 1 | B5: VN20001294MSS000001 | C5: P | D5: 20001294 | E5: Nguyen Ngoc Diem | F5: 2026032300034777 | G5: 46104 | H5: 121041955 | I5: CONG TY CO PHAN BENH VIEN MY PHUOC | J5: VN00057430 | K5: PHAM MINH HOANG | L5: OB_MSS_02 | M5: HCP Data Profiling Questionnaire | N5: Part_1 | O5: Profiling Questionnaire | Q5: S4 | R5: 2. Vui lòng đánh giá từng kênh theo thang điểm từ 0 đến 10, cho hình thức Video call/ Hội thảo trực tuyến | S5: S4_05 | T5: 5 | V5: 2 | AB5: 46104.572
A6: ALLIANCE 1 | B6: VN20001294MSS000001 | C6: P | D6: 20001294 | E6: Nguyen Ngoc Diem | F6: 2026032300034777 | G6: 46104 | H6: 121041955 | I6: CONG TY CO PHAN BENH VIEN MY PHUOC | J6: VN00057430 | K6: PHAM MINH HOANG | L6: OB_MSS_02 | M6: HCP Data Profiling Questionnaire | N6: Part_2 | O6: Digital / Personas Questionnaire | Q6: S1 | R6: 3. Ngoài các hình thức tiếp cận như gặp mặt trực tiếp/ tương tác trực tuyến hay thông qua các mạng xã hội…,còn nguồn thông tin nào khác mà BS thấy hữu ích cho việc cập nhật y khoa (ví dụ: hiệp hội, trang web hội chuyên ngành,...)? | U6: web | V6: 2 | AB6: 46104.572
A7: ALLIANCE 1 | B7: VN20001294MSS000001 | C7: P | D7: 20001294 | E7: Nguyen Ngoc Diem | F7: 2026032300034777 | G7: 46104 | H7: 121041955 | I7: CONG TY CO PHAN BENH VIEN MY PHUOC | J7: VN00057430 | K7: PHAM MINH HOANG | L7: OB_MSS_02 | M7: HCP Data Profiling Questionnaire | N7: Part_2 | O7: Digital / Personas Questionnaire | Q7: S2 | R7: 4. BS thường ưu tiên tương tác với công ty theo hình thức nào? | S7: S2_03 | T7: Ưu tiên tương tác đa kênh | V7: 2 | AB7: 46104.572
A8: ALLIANCE 1 | B8: VN20001294MSS000001 | C8: P | D8: 20001294 | E8: Nguyen Ngoc Diem | F8: 2026032300034777 | G8: 46104 | H8: 121041955 | I8: CONG TY CO PHAN BENH VIEN MY PHUOC | J8: VN00057430 | K8: PHAM MINH HOANG | L8: OB_MSS_02 | M8: HCP Data Profiling Questionnaire | N8: Part_2 | O8: Digital / Personas Questionnaire | Q8: S3 | R8: 5. Trong các yếu tố sau, yếu tố nào ảnh hưởng nhiều nhất đến quyết định điều trị của bác sĩ? | S8: S3_01 | T8: Kết quả điều trị thực tế (RED) | V8: 2 | AB8: 46104.572
A9: ALLIANCE 1 | B9: VN20001294MSS000002 | C9: P | D9: 20001294 | E9: Nguyen Ngoc Diem | F9: 2026032300034778 | G9: 46104 | H9: 121087942 | I9: CONG TY CO PHAN THUONG MAI DICHVU Y TE NHAN NGHIA | J9: VN00063623 | K9: TRAN THANH AN | L9: OB_MSS_02 | M9: HCP Data Profiling Questionnaire | N9: Part_1 | O9: Profiling Questionnaire | Q9: S1 | R9: 1. Trong 6 tháng vừa qua, BS đã được tiếp cận hoặc nhận thông tin từ công ty qua những hình thức/ kênh nào? | S9: S1_01 | T9: Gặp mặt trực tiếp/ Hội nghị đào tạo y khoa trực tiếp | V9: 2 | AB9: 46104.572
A10: ALLIANCE 1 | B10: VN20001294MSS000002 | C10: P | D10: 20001294 | E10: Nguyen Ngoc Diem | F10: 2026032300034778 | G10: 46104 | H10: 121087942 | I10: CONG TY CO PHAN THUONG MAI DICHVU Y TE NHAN NGHIA | J10: VN00063623 | K10: TRAN THANH AN | L10: OB_MSS_02 | M10: HCP Data Profiling Questionnaire | N10: Part_1 | O10: Profiling Questionnaire | Q10: S2 | R10: 2. Vui lòng đánh giá từng kênh theo thang điểm từ 0 đến 10, cho hình thức Gặp mặt trực tiếp/ Hội thảo đào tạo y khoa trực tiếp | S10: S2_07 | T10: 7 | V10: 2 | AB10: 46104.572
A11: ALLIANCE 1 | B11: VN20001294MSS000002 | C11: P | D11: 20001294 | E11: Nguyen Ngoc Diem | F11: 2026032300034778 | G11: 46104 | H11: 121087942 | I11: CONG TY CO PHAN THUONG MAI DICHVU Y TE NHAN NGHIA | J11: VN00063623 | K11: TRAN THANH AN | L11: OB_MSS_02 | M11: HCP Data Profiling Questionnaire | N11: Part_1 | O11: Profiling Questionnaire | Q11: S3 | R11: 2. Vui lòng đánh giá từng kênh theo thang điểm từ 0 đến 10, cho hình thức Email/ Mạng xã hội/ Tin nhắn | S11: S3_05 | T11: 5 | V11: 2 | AB11: 46104.572
A12: ALLIANCE 1 | B12: VN20001294MSS000002 | C12: P | D12: 20001294 | E12: Nguyen Ngoc Diem | F12: 2026032300034778 | G12: 46104 | H12: 121087942 | I12: CONG TY CO PHAN THUONG MAI DICHVU Y TE NHAN NGHIA | J12: VN00063623 | K12: TRAN THANH AN | L12: OB_MSS_02 | M12: HCP Data Profiling Questionnaire | N12: Part_1 | O12: Profiling Questionnaire | Q12: S4 | R12: 2. Vui lòng đánh giá từng kênh theo thang điểm từ 0 đến 10, cho hình thức Video call/ Hội thảo trực tuyến | S12: S4_05 | T12: 5 | V12: 2 | AB12: 46104.572
A13: ALLIANCE 1 | B13: VN20001294MSS000002 | C13: P | D13: 20001294 | E13: Nguyen Ngoc Diem | F13: 2026032300034778 | G13: 46104 | H13: 121087942 | I13: CONG TY CO PHAN THUONG MAI DICHVU Y TE NHAN NGHIA | J13: VN00063623 | K13: TRAN THANH AN | L13: OB_MSS_02 | M13: HCP Data Profiling Questionnaire | N13: Part_2 | O13: Digital / Personas Questionnaire | Q13: S1 | R13: 3. Ngoài các hình thức tiếp cận như gặp mặt trực tiếp/ tương tác trực tuyến hay thông qua các mạng xã hội…,còn nguồn thông tin nào khác mà BS thấy hữu ích cho việc cập nhật y khoa (ví dụ: hiệp hội, trang web hội chuyên ngành,...)? | U13: hoi nghi | V13: 2 | AB13: 46104.572
A14: ALLIANCE 1 | B14: VN20001294MSS000002 | C14: P | D14: 20001294 | E14: Nguyen Ngoc Diem | F14: 2026032300034778 | G14: 46104 | H14: 121087942 | I14: CONG TY CO PHAN THUONG MAI DICHVU Y TE NHAN NGHIA | J14: VN00063623 | K14: TRAN THANH AN | L14: OB_MSS_02 | M14: HCP Data Profiling Questionnaire | N14: Part_2 | O14: Digital / Personas Questionnaire | Q14: S2 | R14: 4. BS thường ưu tiên tương tác với công ty theo hình thức nào? | S14: S2_01 | T14: Ưu tiên tương tác trực tiếp | V14: 2 | AB14: 46104.572
A15: ALLIANCE 1 | B15: VN20001294MSS000002 | C15: P | D15: 20001294 | E15: Nguyen Ngoc Diem | F15: 2026032300034778 | G15: 46104 | H15: 121087942 | I15: CONG TY CO PHAN THUONG MAI DICHVU Y TE NHAN NGHIA | J15: VN00063623 | K15: TRAN THANH AN | L15: OB_MSS_02 | M15: HCP Data Profiling Questionnaire | N15: Part_2 | O15: Digital / Personas Questionnaire | Q15: S3 | R15: 5. Trong các yếu tố sau, yếu tố nào ảnh hưởng nhiều nhất đến quyết định điều trị của bác sĩ? | S15: S3_02 | T15: Dựa trên dữ liệu, bằng chứng khoa học (BLUE) | V15: 2 | AB15: 46104.572
A16: ALLIANCE 1 | B16: VN20001294MSS000003 | C16: P | D16: 20001294 | E16: Nguyen Ngoc Diem | F16: 2026032300034779 | G16: 46104 | H16: 121035712 | I16: TRUNG TAM Y TE KHU VUC PHU GIAO | J16: VN00039762 | K16: BUI THUAN | L16: OB_MSS_02 | M16: HCP Data Profiling Questionnaire | N16: Part_1 | O16: Profiling Questionnaire | Q16: S1 | R16: 1. Trong 6 tháng vừa qua, BS đã được tiếp cận hoặc nhận thông tin từ công ty qua những hình thức/ kênh nào? | S16: S1_01 | T16: Gặp mặt trực tiếp/ Hội nghị đào tạo y khoa trực tiếp | V16: 2 | AB16: 46104.691
A17: ALLIANCE 1 | B17: VN20001294MSS000003 | C17: P | D17: 20001294 | E17: Nguyen Ngoc Diem | F17: 2026032300034779 | G17: 46104 | H17: 121035712 | I17: TRUNG TAM Y TE KHU VUC PHU GIAO | J17: VN00039762 | K17: BUI THUAN | L17: OB_MSS_02 | M17: HCP Data Profiling Questionnaire | N17: Part_1 | O17: Profiling Questionnaire | Q17: S2 | R17: 2. Vui lòng đánh giá từng kênh theo thang điểm từ 0 đến 10, cho hình thức Gặp mặt trực tiếp/ Hội thảo đào tạo y khoa trực tiếp | S17: S2_08 | T17: 8 | V17: 2 | AB17: 46104.691
A18: ALLIANCE 1 | B18: VN20001294MSS000003 | C18: P | D18: 20001294 | E18: Nguyen Ngoc Diem | F18: 2026032300034779 | G18: 46104 | H18: 121035712 | I18: TRUNG TAM Y TE KHU VUC PHU GIAO | J18: VN00039762 | K18: BUI THUAN | L18: OB_MSS_02 | M18: HCP Data Profiling Questionnaire | N18: Part_1 | O18: Profiling Questionnaire | Q18: S3 | R18: 2. Vui lòng đánh giá từng kênh theo thang điểm từ 0 đến 10, cho hình thức Email/ Mạng xã hội/ Tin nhắn | S18: S3_05 | T18: 5 | V18: 2 | AB18: 46104.691
A19: ALLIANCE 1 | B19: VN20001294MSS000003 | C19: P | D19: 20001294 | E19: Nguyen Ngoc Diem | F19: 2026032300034779 | G19: 46104 | H19: 121035712 | I19: TRUNG TAM Y TE KHU VUC PHU GIAO | J19: VN00039762 | K19: BUI THUAN | L19: OB_MSS_02 | M19: HCP Data Profiling Questionnaire | N19: Part_1 | O19: Profiling Questionnaire | Q19: S4 | R19: 2. Vui lòng đánh giá từng kênh theo thang điểm từ 0 đến 10, cho hình thức Video call/ Hội thảo trực tuyến | S19: S4_05 | T19: 5 | V19: 2 | AB19: 46104.691
A20: ALLIANCE 1 | B20: VN20001294MSS000003 | C20: P | D20: 20001294 | E20: Nguyen Ngoc Diem | F20: 2026032300034779 | G20: 46104 | H20: 121035712 | I20: TRUNG TAM Y TE KHU VUC PHU GIAO | J20: VN00039762 | K20: BUI THUAN | L20: OB_MSS_02 | M20: HCP Data Profiling Questionnaire | N20: Part_2 | O20: Digital / Personas Questionnaire | Q20: S1 | R20: 3. Ngoài các hình thức tiếp cận như gặp mặt trực tiếp/ tương tác trực tuyến hay thông qua các mạng xã hội…,còn nguồn thông tin nào khác mà BS thấy hữu ích cho việc cập nhật y khoa (ví dụ: hiệp hội, trang web hội chuyên ngành,...)? | U20: zalo | V20: 2 | AB20: 46104.691
A21: ALLIANCE 1 | B21: VN20001294MSS000003 | C21: P | D21: 20001294 | E21: Nguyen Ngoc Diem | F21: 2026032300034779 | G21: 46104 | H21: 121035712 | I21: TRUNG TAM Y TE KHU VUC PHU GIAO | J21: VN00039762 | K21: BUI THUAN | L21: OB_MSS_02 | M21: HCP Data Profiling Questionnaire | N21: Part_2 | O21: Digital / Personas Questionnaire | Q21: S2 | R21: 4. BS thường ưu tiên tương tác với công ty theo hình thức nào? | S21: S2_03 | T21: Ưu tiên tương tác đa kênh | V21: 2 | AB21: 46104.691
A22: ALLIANCE 1 | B22: VN20001294MSS000003 | C22: P | D22: 20001294 | E22: Nguyen Ngoc Diem | F22: 2026032300034779 | G22: 46104 | H22: 121035712 | I22: TRUNG TAM Y TE KHU VUC PHU GIAO | J22: VN00039762 | K22: BUI THUAN | L22: OB_MSS_02 | M22: HCP Data Profiling Questionnaire | N22: Part_2 | O22: Digital / Personas Questionnaire | Q22: S3 | R22: 5. Trong các yếu tố sau, yếu tố nào ảnh hưởng nhiều nhất đến quyết định điều trị của bác sĩ? | S22: S3_03 | T22: Trải nghiệm và lợi ích tổng thể cho bệnh nhân (GREEN) | V22: 2 | AB22: 46104.691
A23: ALLIANCE 1 | B23: VN20001294MSS000004 | C23: P | D23: 20001294 | E23: Nguyen Ngoc Diem | F23: 2026032300034781 | G23: 46104 | H23: 121050614 | I23: CONG TY TNHH BENH VIENDA KHOA HOAN HAO | J23: VN00063625 | K23: NGUYEN XUAN TUYEN | L23: OB_MSS_02 | M23: HCP Data Profiling Questionnaire | N23: Part_1 | O23: Profiling Questionnaire | Q23: S1 | R23: 1. Trong 6 tháng vừa qua, BS đã được tiếp cận hoặc nhận thông tin từ công ty qua những hình thức/ kênh nào? | S23: S1_01 | T23: Gặp mặt trực tiếp/ Hội nghị đào tạo y khoa trực tiếp | V23: 2 | AB23: 46104.708
A24: ALLIANCE 1 | B24: VN20001294MSS000004 | C24: P | D24: 20001294 | E24: Nguyen Ngoc Diem | F24: 2026032300034781 | G24: 46104 | H24: 121050614 | I24: CONG TY TNHH BENH VIENDA KHOA HOAN HAO | J24: VN00063625 | K24: NGUYEN XUAN TUYEN | L24: OB_MSS_02 | M24: HCP Data Profiling Questionnaire | N24: Part_1 | O24: Profiling Questionnaire | Q24: S1 | R24: 1. Trong 6 tháng vừa qua, BS đã được tiếp cận hoặc nhận thông tin từ công ty qua những hình thức/ kênh nào? | S24: S1_02 | T24: Email/ Mạng xã hội/ Tin nhắn | V24: 2 | AB24: 46104.708
A25: ALLIANCE 1 | B25: VN20001294MSS000004 | C25: P | D25: 20001294 | E25: Nguyen Ngoc Diem | F25: 2026032300034781 | G25: 46104 | H25: 121050614 | I25: CONG TY TNHH BENH VIENDA KHOA HOAN HAO | J25: VN00063625 | K25: NGUYEN XUAN TUYEN | L25: OB_MSS_02 | M25: HCP Data Profiling Questionnaire | N25: Part_1 | O25: Profiling Questionnaire | Q25: S1 | R25: 1. Trong 6 tháng vừa qua, BS đã được tiếp cận hoặc nhận thông tin từ công ty qua những hình thức/ kênh nào? | S25: S1_03 | T25: Hội thảo trực tuyến/ Gọi Video | V25: 2 | AB25: 46104.708
A26: ALLIANCE 1 | B26: VN20001294MSS000004 | C26: P | D26: 20001294 | E26: Nguyen Ngoc Diem | F26: 2026032300034781 | G26: 46104 | H26: 121050614 | I26: CONG TY TNHH BENH VIENDA KHOA HOAN HAO | J26: VN00063625 | K26: NGUYEN XUAN TUYEN | L26: OB_MSS_02 | M26: HCP Data Profiling Questionnaire | N26: Part_1 | O26: Profiling Questionnaire | Q26: S2 | R26: 2. Vui lòng đánh giá từng kênh theo thang điểm từ 0 đến 10, cho hình thức Gặp mặt trực tiếp/ Hội thảo đào tạo y khoa trực tiếp | S26: S2_06 | T26: 6 | V26: 2 | AB26: 46104.708
A27: ALLIANCE 1 | B27: VN20001294MSS000004 | C27: P | D27: 20001294 | E27: Nguyen Ngoc Diem | F27: 2026032300034781 | G27: 46104 | H27: 121050614 | I27: CONG TY TNHH BENH VIENDA KHOA HOAN HAO | J27: VN00063625 | K27: NGUYEN XUAN TUYEN | L27: OB_MSS_02 | M27: HCP Data Profiling Questionnaire | N27: Part_1 | O27: Profiling Questionnaire | Q27: S3 | R27: 2. Vui lòng đánh giá từng kênh theo thang điểm từ 0 đến 10, cho hình thức Email/ Mạng xã hội/ Tin nhắn | S27: S3_05 | T27: 5 | V27: 2 | AB27: 46104.708
A28: ALLIANCE 1 | B28: VN20001294MSS000004 | C28: P | D28: 20001294 | E28: Nguyen Ngoc Diem | F28: 2026032300034781 | G28: 46104 | H28: 121050614 | I28: CONG TY TNHH BENH VIENDA KHOA HOAN HAO | J28: VN00063625 | K28: NGUYEN XUAN TUYEN | L28: OB_MSS_02 | M28: HCP Data Profiling Questionnaire | N28: Part_1 | O28: Profiling Questionnaire | Q28: S4 | R28: 2. Vui lòng đánh giá từng kênh theo thang điểm từ 0 đến 10, cho hình thức Video call/ Hội thảo trực tuyến | S28: S4_05 | T28: 5 | V28: 2 | AB28: 46104.708
A29: ALLIANCE 1 | B29: VN20001294MSS000004 | C29: P | D29: 20001294 | E29: Nguyen Ngoc Diem | F29: 2026032300034781 | G29: 46104 | H29: 121050614 | I29: CONG TY TNHH BENH VIENDA KHOA HOAN HAO | J29: VN00063625 | K29: NGUYEN XUAN TUYEN | L29: OB_MSS_02 | M29: HCP Data Profiling Questionnaire | N29: Part_2 | O29: Digital / Personas Questionnaire | Q29: S1 | R29: 3. Ngoài các hình thức tiếp cận như gặp mặt trực tiếp/ tương tác trực tuyến hay thông qua các mạng xã hội…,còn nguồn thông tin nào khác mà BS thấy hữu ích cho việc cập nhật y khoa (ví dụ: hiệp hội, trang web hội chuyên ngành,...)? | U29: cac trang mạng | V29: 2 | AB29: 46104.708
A30: ALLIANCE 1 | B30: VN20001294MSS000004 | C30: P | D30: 20001294 | E30: Nguyen Ngoc Diem | F30: 2026032300034781 | G30: 46104 | H30: 121050614 | I30: CONG TY TNHH BENH VIENDA KHOA HOAN HAO | J30: VN00063625 | K30: NGUYEN XUAN TUYEN | L30: OB_MSS_02 | M30: HCP Data Profiling Questionnaire | N30: Part_2 | O30: Digital / Personas Questionnaire | Q30: S2 | R30: 4. BS thường ưu tiên tương tác với công ty theo hình thức nào? | S30: S2_03 | T30: Ưu tiên tương tác đa kênh | V30: 2 | AB30: 46104.708
A31: ALLIANCE 1 | B31: VN20001294MSS000004 | C31: P | D31: 20001294 | E31: Nguyen Ngoc Diem | F31: 2026032300034781 | G31: 46104 | H31: 121050614 | I31: CONG TY TNHH BENH VIENDA KHOA HOAN HAO | J31: VN00063625 | K31: NGUYEN XUAN TUYEN | L31: OB_MSS_02 | M31: HCP Data Profiling Questionnaire | N31: Part_2 | O31: Digital / Personas Questionnaire | Q31: S3 | R31: 5. Trong các yếu tố sau, yếu tố nào ảnh hưởng nhiều nhất đến quyết định điều trị của bác sĩ? | S31: S3_01 | T31: Kết quả điều trị thực tế (RED) | V31: 2 | AB31: 46104.708
A32: ALLIANCE 1 | B32: VN20001294MSS000005 | C32: P | D32: 20001294 | E32: Nguyen Ngoc Diem | F32: 2026032300034782 | G32: 46104 | H32: 121050614 | I32: CONG TY TNHH BENH VIENDA KHOA HOAN HAO | J32: VN00063626 | K32: NGUYEN THI THUY TRANG | L32: OB_MSS_02 | M32: HCP Data Profiling Questionnaire | N32: Part_1 | O32: Profiling Questionnaire | Q32: S1 | R32: 1. Trong 6 tháng vừa qua, BS đã được tiếp cận hoặc nhận thông tin từ công ty qua những hình thức/ kênh nào? | S32: S1_01 | T32: Gặp mặt trực tiếp/ Hội nghị đào tạo y khoa trực tiếp | V32: 2 | AB32: 46104.716
A33: ALLIANCE 1 | B33: VN20001294MSS000005 | C33: P | D33: 20001294 | E33: Nguyen Ngoc Diem | F33: 2026032300034782 | G33: 46104 | H33: 121050614 | I33: CONG TY TNHH BENH VIENDA KHOA HOAN HAO | J33: VN00063626 | K33: NGUYEN THI THUY TRANG | L33: OB_MSS_02 | M33: HCP Data Profiling Questionnaire | N33: Part_1 | O33: Profiling Questionnaire | Q33: S1 | R33: 1. Trong 6 tháng vừa qua, BS đã được tiếp cận hoặc nhận thông tin từ công ty qua những hình thức/ kênh nào? | S33: S1_02 | T33: Email/ Mạng xã hội/ Tin nhắn | V33: 2 | AB33: 46104.716
A34: ALLIANCE 1 | B34: VN20001294MSS000005 | C34: P | D34: 20001294 | E34: Nguyen Ngoc Diem | F34: 2026032300034782 | G34: 46104 | H34: 121050614 | I34: CONG TY TNHH BENH VIENDA KHOA HOAN HAO | J34: VN00063626 | K34: NGUYEN THI THUY TRANG | L34: OB_MSS_02 | M34: HCP Data Profiling Questionnaire | N34: Part_1 | O34: Profiling Questionnaire | Q34: S1 | R34: 1. Trong 6 tháng vừa qua, BS đã được tiếp cận hoặc nhận thông tin từ công ty qua những hình thức/ kênh nào? | S34: S1_03 | T34: Hội thảo trực tuyến/ Gọi Video | V34: 2 | AB34: 46104.716
A35: ALLIANCE 1 | B35: VN20001294MSS000005 | C35: P | D35: 20001294 | E35: Nguyen Ngoc Diem | F35: 2026032300034782 | G35: 46104 | H35: 121050614 | I35: CONG TY TNHH BENH VIENDA KHOA HOAN HAO | J35: VN00063626 | K35: NGUYEN THI THUY TRANG | L35: OB_MSS_02 | M35: HCP Data Profiling Questionnaire | N35: Part_1 | O35: Profiling Questionnaire | Q35: S2 | R35: 2. Vui lòng đánh giá từng kênh theo thang điểm từ 0 đến 10, cho hình thức Gặp mặt trực tiếp/ Hội thảo đào tạo y khoa trực tiếp | S35: S2_05 | T35: 5 | V35: 2 | AB35: 46104.716
A36: ALLIANCE 1 | B36: VN20001294MSS000005 | C36: P | D36: 20001294 | E36: Nguyen Ngoc Diem | F36: 2026032300034782 | G36: 46104 | H36: 121050614 | I36: CONG TY TNHH BENH VIENDA KHOA HOAN HAO | J36: VN00063626 | K36: NGUYEN THI THUY TRANG | L36: OB_MSS_02 | M36: HCP Data Profiling Questionnaire | N36: Part_1 | O36: Profiling Questionnaire | Q36: S3 | R36: 2. Vui lòng đánh giá từng kênh theo thang điểm từ 0 đến 10, cho hình thức Email/ Mạng xã hội/ Tin nhắn | S36: S3_04 | T36: 4 | V36: 2 | AB36: 46104.716
A37: ALLIANCE 1 | B37: VN20001294MSS000005 | C37: P | D37: 20001294 | E37: Nguyen Ngoc Diem | F37: 2026032300034782 | G37: 46104 | H37: 121050614 | I37: CONG TY TNHH BENH VIENDA KHOA HOAN HAO | J37: VN00063626 | K37: NGUYEN THI THUY TRANG | L37: OB_MSS_02 | M37: HCP Data Profiling Questionnaire | N37: Part_1 | O37: Profiling Questionnaire | Q37: S4 | R37: 2. Vui lòng đánh giá từng kênh theo thang điểm từ 0 đến 10, cho hình thức Video call/ Hội thảo trực tuyến | S37: S4_03 | T37: 3 | V37: 2 | AB37: 46104.716
A38: ALLIANCE 1 | B38: VN20001294MSS000005 | C38: P | D38: 20001294 | E38: Nguyen Ngoc Diem | F38: 2026032300034782 | G38: 46104 | H38: 121050614 | I38: CONG TY TNHH BENH VIENDA KHOA HOAN HAO | J38: VN00063626 | K38: NGUYEN THI THUY TRANG | L38: OB_MSS_02 | M38: HCP Data Profiling Questionnaire | N38: Part_2 | O38: Digital / Personas Questionnaire | Q38: S1 | R38: 3. Ngoài các hình thức tiếp cận như gặp mặt trực tiếp/ tương tác trực tuyến hay thông qua các mạng xã hội…,còn nguồn thông tin nào khác mà BS thấy hữu ích cho việc cập nhật y khoa (ví dụ: hiệp hội, trang web hội chuyên ngành,...)? | U38: web | V38: 2 | AB38: 46104.716
A39: ALLIANCE 1 | B39: VN20001294MSS000005 | C39: P | D39: 20001294 | E39: Nguyen Ngoc Diem | F39: 2026032300034782 | G39: 46104 | H39: 121050614 | I39: CONG TY TNHH BENH VIENDA KHOA HOAN HAO | J39: VN00063626 | K39: NGUYEN THI THUY TRANG | L39: OB_MSS_02 | M39: HCP Data Profiling Questionnaire | N39: Part_2 | O39: Digital / Personas Questionnaire | Q39: S2 | R39: 4. BS thường ưu tiên tương tác với công ty theo hình thức nào? | S39: S2_03 | T39: Ưu tiên tương tác đa kênh | V39: 2 | AB39: 46104.716
A40: ALLIANCE 1 | B40: VN20001294MSS000005 | C40: P | D40: 20001294 | E40: Nguyen Ngoc Diem | F40: 2026032300034782 | G40: 46104 | H40: 121050614 | I40: CONG TY TNHH BENH VIENDA KHOA HOAN HAO | J40: VN00063626 | K40: NGUYEN THI THUY TRANG | L40: OB_MSS_02 | M40: HCP Data Profiling Questionnaire | N40: Part_2 | O40: Digital / Personas Questionnaire | Q40: S3 | R40: 5. Trong các yếu tố sau, yếu tố nào ảnh hưởng nhiều nhất đến quyết định điều trị của bác sĩ? | S40: S3_02 | T40: Dựa trên dữ liệu, bằng chứng khoa học (BLUE) | V40: 2 | AB40: 46104.716
A41: ALLIANCE 1 | B41: VN20001294MSS000006 | C41: P | D41: 20001294 | E41: Nguyen Ngoc Diem | F41: 2026032300034783 | G41: 46104 | H41: 121050614 | I41: CONG TY TNHH BENH VIENDA KHOA HOAN HAO | J41: VN00046922 | K41: NGUYEN THI THU THAO | L41: OB_MSS_02 | M41: HCP Data Profiling Questionnaire | N41: Part_1 | O41: Profiling Questionnaire | Q41: S1 | R41: 1. Trong 6 tháng vừa qua, BS đã được tiếp cận hoặc nhận thông tin từ công ty qua những hình thức/ kênh nào? | S41: S1_01 | T41: Gặp mặt trực tiếp/ Hội nghị đào tạo y khoa trực tiếp | V41: 2 | AB41: 46104.719
A42: ALLIANCE 1 | B42: VN20001294MSS000006 | C42: P | D42: 20001294 | E42: Nguyen Ngoc Diem | F42: 2026032300034783 | G42: 46104 | H42: 121050614 | I42: CONG TY TNHH BENH VIENDA KHOA HOAN HAO | J42: VN00046922 | K42: NGUYEN THI THU THAO | L42: OB_MSS_02 | M42: HCP Data Profiling Questionnaire | N42: Part_1 | O42: Profiling Questionnaire | Q42: S1 | R42: 1. Trong 6 tháng vừa qua, BS đã được tiếp cận hoặc nhận thông tin từ công ty qua những hình thức/ kênh nào? | S42: S1_02 | T42: Email/ Mạng xã hội/ Tin nhắn | V42: 2 | AB42: 46104.719
A43: ALLIANCE 1 | B43: VN20001294MSS000006 | C43: P | D43: 20001294 | E43: Nguyen Ngoc Diem | F43: 2026032300034783 | G43: 46104 | H43: 121050614 | I43: CONG TY TNHH BENH VIENDA KHOA HOAN HAO | J43: VN00046922 | K43: NGUYEN THI THU THAO | L43: OB_MSS_02 | M43: HCP Data Profiling Questionnaire | N43: Part_1 | O43: Profiling Questionnaire | Q43: S1 | R43: 1. Trong 6 tháng vừa qua, BS đã được tiếp cận hoặc nhận thông tin từ công ty qua những hình thức/ kênh nào? | S43: S1_03 | T43: Hội thảo trực tuyến/ Gọi Video | V43: 2 | AB43: 46104.719
A44: ALLIANCE 1 | B44: VN20001294MSS000006 | C44: P | D44: 20001294 | E44: Nguyen Ngoc Diem | F44: 2026032300034783 | G44: 46104 | H44: 121050614 | I44: CONG TY TNHH BENH VIENDA KHOA HOAN HAO | J44: VN00046922 | K44: NGUYEN THI THU THAO | L44: OB_MSS_02 | M44: HCP Data Profiling Questionnaire | N44: Part_1 | O44: Profiling Questionnaire | Q44: S2 | R44: 2. Vui lòng đánh giá từng kênh theo thang điểm từ 0 đến 10, cho hình thức Gặp mặt trực tiếp/ Hội thảo đào tạo y khoa trực tiếp | S44: S2_08 | T44: 8 | V44: 2 | AB44: 46104.719
A45: ALLIANCE 1 | B45: VN20001294MSS000006 | C45: P | D45: 20001294 | E45: Nguyen Ngoc Diem | F45: 2026032300034783 | G45: 46104 | H45: 121050614 | I45: CONG TY TNHH BENH VIENDA KHOA HOAN HAO | J45: VN00046922 | K45: NGUYEN THI THU THAO | L45: OB_MSS_02 | M45: HCP Data Profiling Questionnaire | N45: Part_1 | O45: Profiling Questionnaire | Q45: S3 | R45: 2. Vui lòng đánh giá từng kênh theo thang điểm từ 0 đến 10, cho hình thức Email/ Mạng xã hội/ Tin nhắn | S45: S3_06 | T45: 6 | V45: 2 | AB45: 46104.719
A46: ALLIANCE 1 | B46: VN20001294MSS000006 | C46: P | D46: 20001294 | E46: Nguyen Ngoc Diem | F46: 2026032300034783 | G46: 46104 | H46: 121050614 | I46: CONG TY TNHH BENH VIENDA KHOA HOAN HAO | J46: VN00046922 | K46: NGUYEN THI THU THAO | L46: OB_MSS_02 | M46: HCP Data Profiling Questionnaire | N46: Part_1 | O46: Profiling Questionnaire | Q46: S4 | R46: 2. Vui lòng đánh giá từng kênh theo thang điểm từ 0 đến 10, cho hình thức Video call/ Hội thảo trực tuyến | S46: S4_06 | T46: 6 | V46: 2 | AB46: 46104.719
A47: ALLIANCE 1 | B47: VN20001294MSS000006 | C47: P | D47: 20001294 | E47: Nguyen Ngoc Diem | F47: 2026032300034783 | G47: 46104 | H47: 121050614 | I47: CONG TY TNHH BENH VIENDA KHOA HOAN HAO | J47: VN00046922 | K47: NGUYEN THI THU THAO | L47: OB_MSS_02 | M47: HCP Data Profiling Questionnaire | N47: Part_2 | O47: Digital / Personas Questionnaire | Q47: S1 | R47: 3. Ngoài các hình thức tiếp cận như gặp mặt trực tiếp/ tương tác trực tuyến hay thông qua các mạng xã hội…,còn nguồn thông tin nào khác mà BS thấy hữu ích cho việc cập nhật y khoa (ví dụ: hiệp hội, trang web hội chuyên ngành,...)? | U47: internet | V47: 2 | AB47: 46104.719
A48: ALLIANCE 1 | B48: VN20001294MSS000006 | C48: P | D48: 20001294 | E48: Nguyen Ngoc Diem | F48: 2026032300034783 | G48: 46104 | H48: 121050614 | I48: CONG TY TNHH BENH VIENDA KHOA HOAN HAO | J48: VN00046922 | K48: NGUYEN THI THU THAO | L48: OB_MSS_02 | M48: HCP Data Profiling Questionnaire | N48: Part_2 | O48: Digital / Personas Questionnaire | Q48: S2 | R48: 4. BS thường ưu tiên tương tác với công ty theo hình thức nào? | S48: S2_02 | T48: Kết hợp trực tiếp và kỹ thuật số | V48: 2 | AB48: 46104.719
A49: ALLIANCE 1 | B49: VN20001294MSS000006 | C49: P | D49: 20001294 | E49: Nguyen Ngoc Diem | F49: 2026032300034783 | G49: 46104 | H49: 121050614 | I49: CONG TY TNHH BENH VIENDA KHOA HOAN HAO | J49: VN00046922 | K49: NGUYEN THI THU THAO | L49: OB_MSS_02 | M49: HCP Data Profiling Questionnaire | N49: Part_2 | O49: Digital / Personas Questionnaire | Q49: S3 | R49: 5. Trong các yếu tố sau, yếu tố nào ảnh hưởng nhiều nhất đến quyết định điều trị của bác sĩ? | S49: S3_03 | T49: Trải nghiệm và lợi ích tổng thể cho bệnh nhân (GREEN) | V49: 2 | AB49: 46104.719
A50: ALLIANCE 1 | B50: VN20001294MSS000007 | C50: P | D50: 20001294 | E50: Nguyen Ngoc Diem | F50: 2026032300034784 | G50: 46104 | H50: 121080248 | I50: CONG TY TNHH COLUMBIA ASIABINH DUONG | J50: VN00023348 | K50: Ha Thi Thuy An | L50: OB_MSS_02 | M50: HCP Data Profiling Questionnaire | N50: Part_1 | O50: Profiling Questionnaire | Q50: S1 | R50: 1. Trong 6 tháng vừa qua, BS đã được tiếp cận hoặc nhận thông tin từ công ty qua những hình thức/ kênh nào? | S50: S1_01 | T50: Gặp mặt trực tiếp/ Hội nghị đào tạo y khoa trực tiếp | V50: 2 | AB50: 46104.72
A51: ALLIANCE 1 | B51: VN20001294MSS000007 | C51: P | D51: 20001294 | E51: Nguyen Ngoc Diem | F51: 2026032300034784 | G51: 46104 | H51: 121080248 | I51: CONG TY TNHH COLUMBIA ASIABINH DUONG | J51: VN00023348 | K51: Ha Thi Thuy An | L51: OB_MSS_02 | M51: HCP Data Profiling Questionnaire | N51: Part_1 | O51: Profiling Questionnaire | Q51: S1 | R51: 1. Trong 6 tháng vừa qua, BS đã được tiếp cận hoặc nhận thông tin từ công ty qua những hình thức/ kênh nào? | S51: S1_02 | T51: Email/ Mạng xã hội/ Tin nhắn | V51: 2 | AB51: 46104.72
A52: ALLIANCE 1 | B52: VN20001294MSS000007 | C52: P | D52: 20001294 | E52: Nguyen Ngoc Diem | F52: 2026032300034784 | G52: 46104 | H52: 121080248 | I52: CONG TY TNHH COLUMBIA ASIABINH DUONG | J52: VN00023348 | K52: Ha Thi Thuy An | L52: OB_MSS_02 | M52: HCP Data Profiling Questionnaire | N52: Part_1 | O52: Profiling Questionnaire | Q52: S1 | R52: 1. Trong 6 tháng vừa qua, BS đã được tiếp cận hoặc nhận thông tin từ công ty qua những hình thức/ kênh nào? | S52: S1_03 | T52: Hội thảo trực tuyến/ Gọi Video | V52: 2 | AB52: 46104.72
A53: ALLIANCE 1 | B53: VN20001294MSS000007 | C53: P | D53: 20001294 | E53: Nguyen Ngoc Diem | F53: 2026032300034784 | G53: 46104 | H53: 121080248 | I53: CONG TY TNHH COLUMBIA ASIABINH DUONG | J53: VN00023348 | K53: Ha Thi Thuy An | L53: OB_MSS_02 | M53: HCP Data Profiling Questionnaire | N53: Part_1 | O53: Profiling Questionnaire | Q53: S2 | R53: 2. Vui lòng đánh giá từng kênh theo thang điểm từ 0 đến 10, cho hình thức Gặp mặt trực tiếp/ Hội thảo đào tạo y khoa trực tiếp | S53: S2_08 | T53: 8 | V53: 2 | AB53: 46104.72
A54: ALLIANCE 1 | B54: VN20001294MSS000007 | C54: P | D54: 20001294 | E54: Nguyen Ngoc Diem | F54: 2026032300034784 | G54: 46104 | H54: 121080248 | I54: CONG TY TNHH COLUMBIA ASIABINH DUONG | J54: VN00023348 | K54: Ha Thi Thuy An | L54: OB_MSS_02 | M54: HCP Data Profiling Questionnaire | N54: Part_1 | O54: Profiling Questionnaire | Q54: S3 | R54: 2. Vui lòng đánh giá từng kênh theo thang điểm từ 0 đến 10, cho hình thức Email/ Mạng xã hội/ Tin nhắn | S54: S3_05 | T54: 5 | V54: 2 | AB54: 46104.72
A55: ALLIANCE 1 | B55: VN20001294MSS000007 | C55: P | D55: 20001294 | E55: Nguyen Ngoc Diem | F55: 2026032300034784 | G55: 46104 | H55: 121080248 | I55: CONG TY TNHH COLUMBIA ASIABINH DUONG | J55: VN00023348 | K55: Ha Thi Thuy An | L55: OB_MSS_02 | M55: HCP Data Profiling Questionnaire | N55: Part_1 | O55: Profiling Questionnaire | Q55: S4 | R55: 2. Vui lòng đánh giá từng kênh theo thang điểm từ 0 đến 10, cho hình thức Video call/ Hội thảo trực tuyến | S55: S4_05 | T55: 5 | V55: 2 | AB55: 46104.72
A56: ALLIANCE 1 | B56: VN20001294MSS000007 | C56: P | D56: 20001294 | E56: Nguyen Ngoc Diem | F56: 2026032300034784 | G56: 46104 | H56: 121080248 | I56: CONG TY TNHH COLUMBIA ASIABINH DUONG | J56: VN00023348 | K56: Ha Thi Thuy An | L56: OB_MSS_02 | M56: HCP Data Profiling Questionnaire | N56: Part_2 | O56: Digital / Personas Questionnaire | Q56: S1 | R56: 3. Ngoài các hình thức tiếp cận như gặp mặt trực tiếp/ tương tác trực tuyến hay thông qua các mạng xã hội…,còn nguồn thông tin nào khác mà BS thấy hữu ích cho việc cập nhật y khoa (ví dụ: hiệp hội, trang web hội chuyên ngành,...)? | U56: web | V56: 2 | AB56: 46104.72
A57: ALLIANCE 1 | B57: VN20001294MSS000007 | C57: P | D57: 20001294 | E57: Nguyen Ngoc Diem | F57: 2026032300034784 | G57: 46104 | H57: 121080248 | I57: CONG TY TNHH COLUMBIA ASIABINH DUONG | J57: VN00023348 | K57: Ha Thi Thuy An | L57: OB_MSS_02 | M57: HCP Data Profiling Questionnaire | N57: Part_2 | O57: Digital / Personas Questionnaire | Q57: S2 | R57: 4. BS thường ưu tiên tương tác với công ty theo hình thức nào? | S57: S2_01 | T57: Ưu tiên tương tác trực tiếp | V57: 2 | AB57: 46104.72
A58: ALLIANCE 1 | B58: VN20001294MSS000007 | C58: P | D58: 20001294 | E58: Nguyen Ngoc Diem | F58: 2026032300034784 | G58: 46104 | H58: 121080248 | I58: CONG TY TNHH COLUMBIA ASIABINH DUONG | J58: VN00023348 | K58: Ha Thi Thuy An | L58: OB_MSS_02 | M58: HCP Data Profiling Questionnaire | N58: Part_2 | O58: Digital / Personas Questionnaire | Q58: S3 | R58: 5. Trong các yếu tố sau, yếu tố nào ảnh hưởng nhiều nhất đến quyết định điều trị của bác sĩ? | S58: S3_01 | T58: Kết quả điều trị thực tế (RED) | V58: 2 | AB58: 46104.72
A59: ALLIANCE 1 | B59: VN20001294MSS000008 | C59: P | D59: 20001294 | E59: Nguyen Ngoc Diem | F59: 2026032300034785 | G59: 46104 | H59: 121103496 | I59: CONG TY TNHH BENH VIEN DA KHOAMEDIC BINH DUONG | J59: VN00039747 | K59: VO THI MINH TU | L59: OB_MSS_02 | M59: HCP Data Profiling Questionnaire | N59: Part_1 | O59: Profiling Questionnaire | Q59: S1 | R59: 1. Trong 6 tháng vừa qua, BS đã được tiếp cận hoặc nhận thông tin từ công ty qua những hình thức/ kênh nào? | S59: S1_01 | T59: Gặp mặt trực tiếp/ Hội nghị đào tạo y khoa trực tiếp | V59: 2 | AB59: 46104.723
A60: ALLIANCE 1 | B60: VN20001294MSS000008 | C60: P | D60: 20001294 | E60: Nguyen Ngoc Diem | F60: 2026032300034785 | G60: 46104 | H60: 121103496 | I60: CONG TY TNHH BENH VIEN DA KHOAMEDIC BINH DUONG | J60: VN00039747 | K60: VO THI MINH TU | L60: OB_MSS_02 | M60: HCP Data Profiling Questionnaire | N60: Part_1 | O60: Profiling Questionnaire | Q60: S1 | R60: 1. Trong 6 tháng vừa qua, BS đã được tiếp cận hoặc nhận thông tin từ công ty qua những hình thức/ kênh nào? | S60: S1_03 | T60: Hội thảo trực tuyến/ Gọi Video | V60: 2 | AB60: 46104.723
A61: ALLIANCE 1 | B61: VN20001294MSS000008 | C61: P | D61: 20001294 | E61: Nguyen Ngoc Diem | F61: 2026032300034785 | G61: 46104 | H61: 121103496 | I61: CONG TY TNHH BENH VIEN DA KHOAMEDIC BINH DUONG | J61: VN00039747 | K61: VO THI MINH TU | L61: OB_MSS_02 | M61: HCP Data Profiling Questionnaire | N61: Part_1 | O61: Profiling Questionnaire | Q61: S2 | R61: 2. Vui lòng đánh giá từng kênh theo thang điểm từ 0 đến 10, cho hình thức Gặp mặt trực tiếp/ Hội thảo đào tạo y khoa trực tiếp | S61: S2_07 | T61: 7 | V61: 2 | AB61: 46104.723
A62: ALLIANCE 1 | B62: VN20001294MSS000008 | C62: P | D62: 20001294 | E62: Nguyen Ngoc Diem | F62: 2026032300034785 | G62: 46104 | H62: 121103496 | I62: CONG TY TNHH BENH VIEN DA KHOAMEDIC BINH DUONG | J62: VN00039747 | K62: VO THI MINH TU | L62: OB_MSS_02 | M62: HCP Data Profiling Questionnaire | N62: Part_1 | O62: Profiling Questionnaire | Q62: S3 | R62: 2. Vui lòng đánh giá từng kênh theo thang điểm từ 0 đến 10, cho hình thức Email/ Mạng xã hội/ Tin nhắn | S62: S3_05 | T62: 5 | V62: 2 | AB62: 46104.723
A63: ALLIANCE 1 | B63: VN20001294MSS000008 | C63: P | D63: 20001294 | E63: Nguyen Ngoc Diem | F63: 2026032300034785 | G63: 46104 | H63: 121103496 | I63: CONG TY TNHH BENH VIEN DA KHOAMEDIC BINH DUONG | J63: VN00039747 | K63: VO THI MINH TU | L63: OB_MSS_02 | M63: HCP Data Profiling Questionnaire | N63: Part_1 | O63: Profiling Questionnaire | Q63: S4 | R63: 2. Vui lòng đánh giá từng kênh theo thang điểm từ 0 đến 10, cho hình thức Video call/ Hội thảo trực tuyến | S63: S4_05 | T63: 5 | V63: 2 | AB63: 46104.723
A64: ALLIANCE 1 | B64: VN20001294MSS000008 | C64: P | D64: 20001294 | E64: Nguyen Ngoc Diem | F64: 2026032300034785 | G64: 46104 | H64: 121103496 | I64: CONG TY TNHH BENH VIEN DA KHOAMEDIC BINH DUONG | J64: VN00039747 | K64: VO THI MINH TU | L64: OB_MSS_02 | M64: HCP Data Profiling Questionnaire | N64: Part_2 | O64: Digital / Personas Questionnaire | Q64: S1 | R64: 3. Ngoài các hình thức tiếp cận như gặp mặt trực tiếp/ tương tác trực tuyến hay thông qua các mạng xã hội…,còn nguồn thông tin nào khác mà BS thấy hữu ích cho việc cập nhật y khoa (ví dụ: hiệp hội, trang web hội chuyên ngành,...)? | U64: hoi thao | V64: 2 | AB64: 46104.723
A65: ALLIANCE 1 | B65: VN20001294MSS000008 | C65: P | D65: 20001294 | E65: Nguyen Ngoc Diem | F65: 2026032300034785 | G65: 46104 | H65: 121103496 | I65: CONG TY TNHH BENH VIEN DA KHOAMEDIC BINH DUONG | J65: VN00039747 | K65: VO THI MINH TU | L65: OB_MSS_02 | M65: HCP Data Profiling Questionnaire | N65: Part_2 | O65: Digital / Personas Questionnaire | Q65: S2 | R65: 4. BS thường ưu tiên tương tác với công ty theo hình thức nào? | S65: S2_01 | T65: Ưu tiên tương tác trực tiếp | V65: 2 | AB65: 46104.723
A66: ALLIANCE 1 | B66: VN20001294MSS000008 | C66: P | D66: 20001294 | E66: Nguyen Ngoc Diem | F66: 2026032300034785 | G66: 46104 | H66: 121103496 | I66: CONG TY TNHH BENH VIEN DA KHOAMEDIC BINH DUONG | J66: VN00039747 | K66: VO THI MINH TU | L66: OB_MSS_02 | M66: HCP Data Profiling Questionnaire | N66: Part_2 | O66: Digital / Personas Questionnaire | Q66: S3 | R66: 5. Trong các yếu tố sau, yếu tố nào ảnh hưởng nhiều nhất đến quyết định điều trị của bác sĩ? | S66: S3_01 | T66: Kết quả điều trị thực tế (RED) | V66: 2 | AB66: 46104.723
A67: ALLIANCE 1 | B67: VN20001294MSS000009 | C67: P | D67: 20001294 | E67: Nguyen Ngoc Diem | F67: 2026032300034786 | G67: 46104 | H67: 121103496 | I67: CONG TY TNHH BENH VIEN DA KHOAMEDIC BINH DUONG | J67: VN00063627 | K67: DO THI THU HA | L67: OB_MSS_02 | M67: HCP Data Profiling Questionnaire | N67: Part_1 | O67: Profiling Questionnaire | Q67: S1 | R67: 1. Trong 6 tháng vừa qua, BS đã được tiếp cận hoặc nhận thông tin từ công ty qua những hình thức/ kênh nào? | S67: S1_01 | T67: Gặp mặt trực tiếp/ Hội nghị đào tạo y khoa trực tiếp | V67: 2 | AB67: 46104.726
A68: ALLIANCE 1 | B68: VN20001294MSS000009 | C68: P | D68: 20001294 | E68: Nguyen Ngoc Diem | F68: 2026032300034786 | G68: 46104 | H68: 121103496 | I68: CONG TY TNHH BENH VIEN DA KHOAMEDIC BINH DUONG | J68: VN00063627 | K68: DO THI THU HA | L68: OB_MSS_02 | M68: HCP Data Profiling Questionnaire | N68: Part_1 | O68: Profiling Questionnaire | Q68: S1 | R68: 1. Trong 6 tháng vừa qua, BS đã được tiếp cận hoặc nhận thông tin từ công ty qua những hình thức/ kênh nào? | S68: S1_02 | T68: Email/ Mạng xã hội/ Tin nhắn | V68: 2 | AB68: 46104.726
A69: ALLIANCE 1 | B69: VN20001294MSS000009 | C69: P | D69: 20001294 | E69: Nguyen Ngoc Diem | F69: 2026032300034786 | G69: 46104 | H69: 121103496 | I69: CONG TY TNHH BENH VIEN DA KHOAMEDIC BINH DUONG | J69: VN00063627 | K69: DO THI THU HA | L69: OB_MSS_02 | M69: HCP Data Profiling Questionnaire | N69: Part_1 | O69: Profiling Questionnaire | Q69: S1 | R69: 1. Trong 6 tháng vừa qua, BS đã được tiếp cận hoặc nhận thông tin từ công ty qua những hình thức/ kênh nào? | S69: S1_03 | T69: Hội thảo trực tuyến/ Gọi Video | V69: 2 | AB69: 46104.726
A70: ALLIANCE 1 | B70: VN20001294MSS000009 | C70: P | D70: 20001294 | E70: Nguyen Ngoc Diem | F70: 2026032300034786 | G70: 46104 | H70: 121103496 | I70: CONG TY TNHH BENH VIEN DA KHOAMEDIC BINH DUONG | J70: VN00063627 | K70: DO THI THU HA | L70: OB_MSS_02 | M70: HCP Data Profiling Questionnaire | N70: Part_1 | O70: Profiling Questionnaire | Q70: S2 | R70: 2. Vui lòng đánh giá từng kênh theo thang điểm từ 0 đến 10, cho hình thức Gặp mặt trực tiếp/ Hội thảo đào tạo y khoa trực tiếp | S70: S2_05 | T70: 5 | V70: 2 | AB70: 46104.726
A71: ALLIANCE 1 | B71: VN20001294MSS000009 | C71: P | D71: 20001294 | E71: Nguyen Ngoc Diem | F71: 2026032300034786 | G71: 46104 | H71: 121103496 | I71: CONG TY TNHH BENH VIEN DA KHOAMEDIC BINH DUONG | J71: VN00063627 | K71: DO THI THU HA | L71: OB_MSS_02 | M71: HCP Data Profiling Questionnaire | N71: Part_1 | O71: Profiling Questionnaire | Q71: S3 | R71: 2. Vui lòng đánh giá từng kênh theo thang điểm từ 0 đến 10, cho hình thức Email/ Mạng xã hội/ Tin nhắn | S71: S3_05 | T71: 5 | V71: 2 | AB71: 46104.726
A72: ALLIANCE 1 | B72: VN20001294MSS000009 | C72: P | D72: 20001294 | E72: Nguyen Ngoc Diem | F72: 2026032300034786 | G72: 46104 | H72: 121103496 | I72: CONG TY TNHH BENH VIEN DA KHOAMEDIC BINH DUONG | J72: VN00063627 | K72: DO THI THU HA | L72: OB_MSS_02 | M72: HCP Data Profiling Questionnaire | N72: Part_1 | O72: Profiling Questionnaire | Q72: S4 | R72: 2. Vui lòng đánh giá từng kênh theo thang điểm từ 0 đến 10, cho hình thức Video call/ Hội thảo trực tuyến | S72: S4_05 | T72: 5 | V72: 2 | AB72: 46104.726
A73: ALLIANCE 1 | B73: VN20001294MSS000009 | C73: P | D73: 20001294 | E73: Nguyen Ngoc Diem | F73: 2026032300034786 | G73: 46104 | H73: 121103496 | I73: CONG TY TNHH BENH VIEN DA KHOAMEDIC BINH DUONG | J73: VN00063627 | K73: DO THI THU HA | L73: OB_MSS_02 | M73: HCP Data Profiling Questionnaire | N73: Part_2 | O73: Digital / Personas Questionnaire | Q73: S1 | R73: 3. Ngoài các hình thức tiếp cận như gặp mặt trực tiếp/ tương tác trực tuyến hay thông qua các mạng xã hội…,còn nguồn thông tin nào khác mà BS thấy hữu ích cho việc cập nhật y khoa (ví dụ: hiệp hội, trang web hội chuyên ngành,...)? | U73: web | V73: 2 | AB73: 46104.726
A74: ALLIANCE 1 | B74: VN20001294MSS000009 | C74: P | D74: 20001294 | E74: Nguyen Ngoc Diem | F74: 2026032300034786 | G74: 46104 | H74: 121103496 | I74: CONG TY TNHH BENH VIEN DA KHOAMEDIC BINH DUONG | J74: VN00063627 | K74: DO THI THU HA | L74: OB_MSS_02 | M74: HCP Data Profiling Questionnaire | N74: Part_2 | O74: Digital / Personas Questionnaire | Q74: S2 | R74: 4. BS thường ưu tiên tương tác với công ty theo hình thức nào? | S74: S2_02 | T74: Kết hợp trực tiếp và kỹ thuật số | V74: 2 | AB74: 46104.726
A75: ALLIANCE 1 | B75: VN20001294MSS000009 | C75: P | D75: 20001294 | E75: Nguyen Ngoc Diem | F75: 2026032300034786 | G75: 46104 | H75: 121103496 | I75: CONG TY TNHH BENH VIEN DA KHOAMEDIC BINH DUONG | J75: VN00063627 | K75: DO THI THU HA | L75: OB_MSS_02 | M75: HCP Data Profiling Questionnaire | N75: Part_2 | O75: Digital / Personas Questionnaire | Q75: S3 | R75: 5. Trong các yếu tố sau, yếu tố nào ảnh hưởng nhiều nhất đến quyết định điều trị của bác sĩ? | S75: S3_04 | T75: Ảnh hưởng bởi cộng đồng chuyên môn (YELLOW) | V75: 2 | AB75: 46104.726
A76: ALLIANCE 1 | B76: VN20001294MSS000010 | C76: P | D76: 20001294 | E76: Nguyen Ngoc Diem | F76: 2026032300034787 | G76: 46104 | H76: 121041955 | I76: CONG TY CO PHAN BENH VIEN MY PHUOC | J76: VN00057430 | K76: PHAM MINH HOANG | L76: OB_MSS_02 | M76: HCP Data Profiling Questionnaire | N76: Part_1 | O76: Profiling Questionnaire | Q76: S1 | R76: 1. Trong 6 tháng vừa qua, BS đã được tiếp cận hoặc nhận thông tin từ công ty qua những hình thức/ kênh nào? | S76: S1_01 | T76: Gặp mặt trực tiếp/ Hội nghị đào tạo y khoa trực tiếp | V76: 2 | AB76: 46104.726
A77: ALLIANCE 1 | B77: VN20001294MSS000010 | C77: P | D77: 20001294 | E77: Nguyen Ngoc Diem | F77: 2026032300034787 | G77: 46104 | H77: 121041955 | I77: CONG TY CO PHAN BENH VIEN MY PHUOC | J77: VN00057430 | K77: PHAM MINH HOANG | L77: OB_MSS_02 | M77: HCP Data Profiling Questionnaire | N77: Part_1 | O77: Profiling Questionnaire | Q77: S1 | R77: 1. Trong 6 tháng vừa qua, BS đã được tiếp cận hoặc nhận thông tin từ công ty qua những hình thức/ kênh nào? | S77: S1_02 | T77: Email/ Mạng xã hội/ Tin nhắn | V77: 2 | AB77: 46104.726
A78: ALLIANCE 1 | B78: VN20001294MSS000010 | C78: P | D78: 20001294 | E78: Nguyen Ngoc Diem | F78: 2026032300034787 | G78: 46104 | H78: 121041955 | I78: CONG TY CO PHAN BENH VIEN MY PHUOC | J78: VN00057430 | K78: PHAM MINH HOANG | L78: OB_MSS_02 | M78: HCP Data Profiling Questionnaire | N78: Part_1 | O78: Profiling Questionnaire | Q78: S1 | R78: 1. Trong 6 tháng vừa qua, BS đã được tiếp cận hoặc nhận thông tin từ công ty qua những hình thức/ kênh nào? | S78: S1_03 | T78: Hội thảo trực tuyến/ Gọi Video | V78: 2 | AB78: 46104.726
A79: ALLIANCE 1 | B79: VN20001294MSS000010 | C79: P | D79: 20001294 | E79: Nguyen Ngoc Diem | F79: 2026032300034787 | G79: 46104 | H79: 121041955 | I79: CONG TY CO PHAN BENH VIEN MY PHUOC | J79: VN00057430 | K79: PHAM MINH HOANG | L79: OB_MSS_02 | M79: HCP Data Profiling Questionnaire | N79: Part_1 | O79: Profiling Questionnaire | Q79: S2 | R79: 2. Vui lòng đánh giá từng kênh theo thang điểm từ 0 đến 10, cho hình thức Gặp mặt trực tiếp/ Hội thảo đào tạo y khoa trực tiếp | S79: S2_08 | T79: 8 | V79: 2 | AB79: 46104.726
A80: ALLIANCE 1 | B80: VN20001294MSS000010 | C80: P | D80: 20001294 | E80: Nguyen Ngoc Diem | F80: 2026032300034787 | G80: 46104 | H80: 121041955 | I80: CONG TY CO PHAN BENH VIEN MY PHUOC | J80: VN00057430 | K80: PHAM MINH HOANG | L80: OB_MSS_02 | M80: HCP Data Profiling Questionnaire | N80: Part_1 | O80: Profiling Questionnaire | Q80: S3 | R80: 2. Vui lòng đánh giá từng kênh theo thang điểm từ 0 đến 10, cho hình thức Email/ Mạng xã hội/ Tin nhắn | S80: S3_05 | T80: 5 | V80: 2 | AB80: 46104.726
A81: ALLIANCE 1 | B81: VN20001294MSS000010 | C81: P | D81: 20001294 | E81: Nguyen Ngoc Diem | F81: 2026032300034787 | G81: 46104 | H81: 121041955 | I81: CONG TY CO PHAN BENH VIEN MY PHUOC | J81: VN00057430 | K81: PHAM MINH HOANG | L81: OB_MSS_02 | M81: HCP Data Profiling Questionnaire | N81: Part_1 | O81: Profiling Questionnaire | Q81: S4 | R81: 2. Vui lòng đánh giá từng kênh theo thang điểm từ 0 đến 10, cho hình thức Video call/ Hội thảo trực tuyến | S81: S4_05 | T81: 5 | V81: 2 | AB81: 46104.726
A82: ALLIANCE 1 | B82: VN20001294MSS000010 | C82: P | D82: 20001294 | E82: Nguyen Ngoc Diem | F82: 2026032300034787 | G82: 46104 | H82: 121041955 | I82: CONG TY CO PHAN BENH VIEN MY PHUOC | J82: VN00057430 | K82: PHAM MINH HOANG | L82: OB_MSS_02 | M82: HCP Data Profiling Questionnaire | N82: Part_2 | O82: Digital / Personas Questionnaire | Q82: S1 | R82: 3. Ngoài các hình thức tiếp cận như gặp mặt trực tiếp/ tương tác trực tuyến hay thông qua các mạng xã hội…,còn nguồn thông tin nào khác mà BS thấy hữu ích cho việc cập nhật y khoa (ví dụ: hiệp hội, trang web hội chuyên ngành,...)? | U82: web | V82: 2 | AB82: 46104.726
A83: ALLIANCE 1 | B83: VN20001294MSS000010 | C83: P | D83: 20001294 | E83: Nguyen Ngoc Diem | F83: 2026032300034787 | G83: 46104 | H83: 121041955 | I83: CONG TY CO PHAN BENH VIEN MY PHUOC | J83: VN00057430 | K83: PHAM MINH HOANG | L83: OB_MSS_02 | M83: HCP Data Profiling Questionnaire | N83: Part_2 | O83: Digital / Personas Questionnaire | Q83: S2 | R83: 4. BS thường ưu tiên tương tác với công ty theo hình thức nào? | S83: S2_01 | T83: Ưu tiên tương tác trực tiếp | V83: 2 | AB83: 46104.726
A84: ALLIANCE 1 | B84: VN20001294MSS000010 | C84: P | D84: 20001294 | E84: Nguyen Ngoc Diem | F84: 2026032300034787 | G84: 46104 | H84: 121041955 | I84: CONG TY CO PHAN BENH VIEN MY PHUOC | J84: VN00057430 | K84: PHAM MINH HOANG | L84: OB_MSS_02 | M84: HCP Data Profiling Questionnaire | N84: Part_2 | O84: Digital / Personas Questionnaire | Q84: S3 | R84: 5. Trong các yếu tố sau, yếu tố nào ảnh hưởng nhiều nhất đến quyết định điều trị của bác sĩ? | S84: S3_01 | T84: Kết quả điều trị thực tế (RED) | V84: 2 | AB84: 46104.726
A85: ALLIANCE 1 | B85: VN20001848MSS000001 | C85: P | D85: 20001848 | E85: Ngo Thi Phuong Thao | F85: 2026032300035319 | G85: 46104 | H85: 121012606 | I85: BENH VIEN CHO RAY | J85: VN00003167 | K85: Duong Huynh Thien | L85: OB_MSS_02 | M85: HCP Data Profiling Questionnaire | N85: Part_1 | O85: Profiling Questionnaire | Q85: S1 | R85: 1. Trong 6 tháng vừa qua, BS đã được tiếp cận hoặc nhận thông tin từ công ty qua những hình thức/ kênh nào? | S85: S1_01 | T85: Gặp mặt trực tiếp/ Hội nghị đào tạo y khoa trực tiếp | V85: 2 | AB85: 46104.75
A86: ALLIANCE 1 | B86: VN20001848MSS000001 | C86: P | D86: 20001848 | E86: Ngo Thi Phuong Thao | F86: 2026032300035319 | G86: 46104 | H86: 121012606 | I86: BENH VIEN CHO RAY | J86: VN00003167 | K86: Duong Huynh Thien | L86: OB_MSS_02 | M86: HCP Data Profiling Questionnaire | N86: Part_1 | O86: Profiling Questionnaire | Q86: S2 | R86: 2. Vui lòng đánh giá từng kênh theo thang điểm từ 0 đến 10, cho hình thức Gặp mặt trực tiếp/ Hội thảo đào tạo y khoa trực tiếp | S86: S2_06 | T86: 6 | V86: 2 | AB86: 46104.75
A87: ALLIANCE 1 | B87: VN20001848MSS000001 | C87: P | D87: 20001848 | E87: Ngo Thi Phuong Thao | F87: 2026032300035319 | G87: 46104 | H87: 121012606 | I87: BENH VIEN CHO RAY | J87: VN00003167 | K87: Duong Huynh Thien | L87: OB_MSS_02 | M87: HCP Data Profiling Questionnaire | N87: Part_1 | O87: Profiling Questionnaire | Q87: S3 | R87: 2. Vui lòng đánh giá từng kênh theo thang điểm từ 0 đến 10, cho hình thức Email/ Mạng xã hội/ Tin nhắn | S87: S3_06 | T87: 6 | V87: 2 | AB87: 46104.75
A88: ALLIANCE 1 | B88: VN20001848MSS000001 | C88: P | D88: 20001848 | E88: Ngo Thi Phuong Thao | F88: 2026032300035319 | G88: 46104 | H88: 121012606 | I88: BENH VIEN CHO RAY | J88: VN00003167 | K88: Duong Huynh Thien | L88: OB_MSS_02 | M88: HCP Data Profiling Questionnaire | N88: Part_1 | O88: Profiling Questionnaire | Q88: S4 | R88: 2. Vui lòng đánh giá từng kênh theo thang điểm từ 0 đến 10, cho hình thức Video call/ Hội thảo trực tuyến | S88: S4_03 | T88: 3 | V88: 2 | AB88: 46104.75
A89: ALLIANCE 1 | B89: VN20001848MSS000001 | C89: P | D89: 20001848 | E89: Ngo Thi Phuong Thao | F89: 2026032300035319 | G89: 46104 | H89: 121012606 | I89: BENH VIEN CHO RAY | J89: VN00003167 | K89: Duong Huynh Thien | L89: OB_MSS_02 | M89: HCP Data Profiling Questionnaire | N89: Part_2 | O89: Digital / Personas Questionnaire | Q89: S1 | R89: 3. Ngoài các hình thức tiếp cận như gặp mặt trực tiếp/ tương tác trực tuyến hay thông qua các mạng xã hội…,còn nguồn thông tin nào khác mà BS thấy hữu ích cho việc cập nhật y khoa (ví dụ: hiệp hội, trang web hội chuyên ngành,...)? | U89: hội thảo | V89: 2 | AB89: 46104.75
A90: ALLIANCE 1 | B90: VN20001848MSS000001 | C90: P | D90: 20001848 | E90: Ngo Thi Phuong Thao | F90: 2026032300035319 | G90: 46104 | H90: 121012606 | I90: BENH VIEN CHO RAY | J90: VN00003167 | K90: Duong Huynh Thien | L90: OB_MSS_02 | M90: HCP Data Profiling Questionnaire | N90: Part_2 | O90: Digital / Personas Questionnaire | Q90: S2 | R90: 4. BS thường ưu tiên tương tác với công ty theo hình thức nào? | S90: S2_01 | T90: Ưu tiên tương tác trực tiếp | V90: 2 | AB90: 46104.75
A91: ALLIANCE 1 | B91: VN20001848MSS000001 | C91: P | D91: 20001848 | E91: Ngo Thi Phuong Thao | F91: 2026032300035319 | G91: 46104 | H91: 121012606 | I91: BENH VIEN CHO RAY | J91: VN00003167 | K91: Duong Huynh Thien | L91: OB_MSS_02 | M91: HCP Data Profiling Questionnaire | N91: Part_2 | O91: Digital / Personas Questionnaire | Q91: S3 | R91: 5. Trong các yếu tố sau, yếu tố nào ảnh hưởng nhiều nhất đến quyết định điều trị của bác sĩ? | S91: S3_01 | T91: Kết quả điều trị thực tế (RED) | V91: 2 | AB91: 46104.75
A92: ALLIANCE 1 | B92: VN20001848MSS000004 | C92: P | D92: 20001848 | E92: Ngo Thi Phuong Thao | F92: 2026032300035324 | G92: 46104 | H92: 121012606 | I92: BENH VIEN CHO RAY | J92: VN00003370 | K92: TRAN THANH HUNG | L92: OB_MSS_02 | M92: HCP Data Profiling Questionnaire | N92: Part_1 | O92: Profiling Questionnaire | Q92: S1 | R92: 1. Trong 6 tháng vừa qua, BS đã được tiếp cận hoặc nhận thông tin từ công ty qua những hình thức/ kênh nào? | S92: S1_01 | T92: Gặp mặt trực tiếp/ Hội nghị đào tạo y khoa trực tiếp | V92: 2 | AB92: 46104.75
A93: ALLIANCE 1 | B93: VN20001848MSS000004 | C93: P | D93: 20001848 | E93: Ngo Thi Phuong Thao | F93: 2026032300035324 | G93: 46104 | H93: 121012606 | I93: BENH VIEN CHO RAY | J93: VN00003370 | K93: TRAN THANH HUNG | L93: OB_MSS_02 | M93: HCP Data Profiling Questionnaire | N93: Part_1 | O93: Profiling Questionnaire | Q93: S2 | R93: 2. Vui lòng đánh giá từng kênh theo thang điểm từ 0 đến 10, cho hình thức Gặp mặt trực tiếp/ Hội thảo đào tạo y khoa trực tiếp | S93: S2_08 | T93: 8 | V93: 2 | AB93: 46104.75
A94: ALLIANCE 1 | B94: VN20001848MSS000004 | C94: P | D94: 20001848 | E94: Ngo Thi Phuong Thao | F94: 2026032300035324 | G94: 46104 | H94: 121012606 | I94: BENH VIEN CHO RAY | J94: VN00003370 | K94: TRAN THANH HUNG | L94: OB_MSS_02 | M94: HCP Data Profiling Questionnaire | N94: Part_1 | O94: Profiling Questionnaire | Q94: S3 | R94: 2. Vui lòng đánh giá từng kênh theo thang điểm từ 0 đến 10, cho hình thức Email/ Mạng xã hội/ Tin nhắn | S94: S3_07 | T94: 7 | V94: 2 | AB94: 46104.75
A95: ALLIANCE 1 | B95: VN20001848MSS000004 | C95: P | D95: 20001848 | E95: Ngo Thi Phuong Thao | F95: 2026032300035324 | G95: 46104 | H95: 121012606 | I95: BENH VIEN CHO RAY | J95: VN00003370 | K95: TRAN THANH HUNG | L95: OB_MSS_02 | M95: HCP Data Profiling Questionnaire | N95: Part_1 | O95: Profiling Questionnaire | Q95: S4 | R95: 2. Vui lòng đánh giá từng kênh theo thang điểm từ 0 đến 10, cho hình thức Video call/ Hội thảo trực tuyến | S95: S4_07 | T95: 7 | V95: 2 | AB95: 46104.75
A96: ALLIANCE 1 | B96: VN20001848MSS000004 | C96: P | D96: 20001848 | E96: Ngo Thi Phuong Thao | F96: 2026032300035324 | G96: 46104 | H96: 121012606 | I96: BENH VIEN CHO RAY | J96: VN00003370 | K96: TRAN THANH HUNG | L96: OB_MSS_02 | M96: HCP Data Profiling Questionnaire | N96: Part_2 | O96: Digital / Personas Questionnaire | Q96: S1 | R96: 3. Ngoài các hình thức tiếp cận như gặp mặt trực tiếp/ tương tác trực tuyến hay thông qua các mạng xã hội…,còn nguồn thông tin nào khác mà BS thấy hữu ích cho việc cập nhật y khoa (ví dụ: hiệp hội, trang web hội chuyên ngành,...)? | U96: web chuyên ngành | V96: 2 | AB96: 46104.75
A97: ALLIANCE 1 | B97: VN20001848MSS000004 | C97: P | D97: 20001848 | E97: Ngo Thi Phuong Thao | F97: 2026032300035324 | G97: 46104 | H97: 121012606 | I97: BENH VIEN CHO RAY | J97: VN00003370 | K97: TRAN THANH HUNG | L97: OB_MSS_02 | M97: HCP Data Profiling Questionnaire | N97: Part_2 | O97: Digital / Personas Questionnaire | Q97: S2 | R97: 4. BS thường ưu tiên tương tác với công ty theo hình thức nào? | S97: S2_01 | T97: Ưu tiên tương tác trực tiếp | V97: 2 | AB97: 46104.75
A98: ALLIANCE 1 | B98: VN20001848MSS000004 | C98: P | D98: 20001848 | E98: Ngo Thi Phuong Thao | F98: 2026032300035324 | G98: 46104 | H98: 121012606 | I98: BENH VIEN CHO RAY | J98: VN00003370 | K98: TRAN THANH HUNG | L98: OB_MSS_02 | M98: HCP Data Profiling Questionnaire | N98: Part_2 | O98: Digital / Personas Questionnaire | Q98: S3 | R98: 5. Trong các yếu tố sau, yếu tố nào ảnh hưởng nhiều nhất đến quyết định điều trị của bác sĩ? | S98: S3_01 | T98: Kết quả điều trị thực tế (RED) | V98: 2 | AB98: 46104.75
A99: ALLIANCE 1 | B99: VN20001848MSS000005 | C99: P | D99: 20001848 | E99: Ngo Thi Phuong Thao | F99: 2026032300035325 | G99: 46104 | H99: 121012606 | I99: BENH VIEN CHO RAY | J99: VN00003395 | K99: TRUONG DUONG TIEN | L99: OB_MSS_02 | M99: HCP Data Profiling Questionnaire | N99: Part_1 | O99: Profiling Questionnaire | Q99: S1 | R99: 1. Trong 6 tháng vừa qua, BS đã được tiếp cận hoặc nhận thông tin từ công ty qua những hình thức/ kênh nào? | S99: S1_01 | T99: Gặp mặt trực tiếp/ Hội nghị đào tạo y khoa trực tiếp | V99: 2 | AB99: 46104.75
A100: ALLIANCE 1 | B100: VN20001848MSS000005 | C100: P | D100: 20001848 | E100: Ngo Thi Phuong Thao | F100: 2026032300035325 | G100: 46104 | H100: 121012606 | I100: BENH VIEN CHO RAY | J100: VN00003395 | K100: TRUONG DUONG TIEN | L100: OB_MSS_02 | M100: HCP Data Profiling Questionnaire | N100: Part_1 | O100: Profiling Questionnaire | Q100: S2 | R100: 2. Vui lòng đánh giá từng kênh theo thang điểm từ 0 đến 10, cho hình thức Gặp mặt trực tiếp/ Hội thảo đào tạo y khoa trực tiếp | S100: S2_07 | T100: 7 | V100: 2 | AB100: 46104.75
...

Sheet Sheet1
A1: Question (Vietnamese)
A2: Trong 6 tháng vừa qua, BS đã được tiếp cận hoặc nhận thông tin từ công ty qua những hình thức/ kênh nào? 1. Gặp mặt trực tiếp/ Hội nghị đào tạo y khoa trực tiếp. 2. Email/ Mạng xã hội/ Tin nhắn. 3. Hội thảo trực tuyến/ Gọi Video
A3: Hoạt động nào được BS đánh giá cao nhất? Vui lòng đánh giá từng kênh theo thang điểm từ 0 đến 10, với 10 là giá trị cao nhất.
A4: Ngoài các hình thức tiếp cận trên, còn hình thức tiếp cận hay nguồn thông tin nào khác mà BS thấy hữu ích cho việc cập nhật y khoa (ví dụ: hiệp hội, trang web hội chuyên ngành, tạp chí ...)?
A5: BS thường ưu tiên tương tác với công ty theo hình thức nào? 1. Ưu tiên tương tác trực tiếp - 2. Kết hợp trực tiếp và kỹ thuật số - 3. Ưu tiên tương tác đa kênh
A6: Trong các yếu tố sau, yếu tố nào ảnh hưởng nhiều nhất đến quyết định điều trị của bác sĩ : Kết quả điều trị, Dữ liệu khoa học, Tác động đến bệnh nhân, hay Ảnh hưởng từ đồng nghiệp? 1. Kết quả điều trị thực tế (RED) - 2. Dựa trên dữ liệu, bằng chứng khoa học (BLUE), 3.Trải nghiệm và lợi ích tổng thể cho bệnh nhân (GREEN), 4. Ảnh hưởng bởi cộng đồng chuyên môn (YELLOW)

Sheet Sheet2
A1: cont_code | B1: Check
A2: HCP0000588 | B2: =_xlfn.XLOOKUP(A2,Market_Survey!J:J,Market_Survey!J:J) -> #N/A
A3: HCP0000604 | B3: =_xlfn.XLOOKUP(A3,Market_Survey!J:J,Market_Survey!J:J) -> #N/A
A4: HCP0000612 | B4: =_xlfn.XLOOKUP(A4,Market_Survey!J:J,Market_Survey!J:J) -> #N/A
A5: HCP0000634 | B5: =_xlfn.XLOOKUP(A5,Market_Survey!J:J,Market_Survey!J:J) -> #N/A
A6: HCP0000635 | B6: =_xlfn.XLOOKUP(A6,Market_Survey!J:J,Market_Survey!J:J) -> #N/A
A7: HCP0000636 | B7: =_xlfn.XLOOKUP(A7,Market_Survey!J:J,Market_Survey!J:J) -> #N/A
A8: HCP0000637 | B8: =_xlfn.XLOOKUP(A8,Market_Survey!J:J,Market_Survey!J:J) -> #N/A
A9: HCP0000638 | B9: =_xlfn.XLOOKUP(A9,Market_Survey!J:J,Market_Survey!J:J) -> #N/A
A10: HCP0000755 | B10: =_xlfn.XLOOKUP(A10,Market_Survey!J:J,Market_Survey!J:J) -> #N/A
A11: HCP0000756 | B11: =_xlfn.XLOOKUP(A11,Market_Survey!J:J,Market_Survey!J:J) -> #N/A
A12: HCP0000757 | B12: =_xlfn.XLOOKUP(A12,Market_Survey!J:J,Market_Survey!J:J) -> #N/A
A13: HCP0000758 | B13: =_xlfn.XLOOKUP(A13,Market_Survey!J:J,Market_Survey!J:J) -> #N/A
... A20597: VN00057739 | B20597: =_xlfn.XLOOKUP(A20597,Market_Survey!J:J,Market_Survey!J:J) -> VN00057739
